Rk,Player,Pos,Age,Tm,G,GS,MP,FG,FGA,FG%,3P,3PA,3P%,2P,2PA,2P%,eFG%,FT,FTA,FT%,ORB,DRB,TRB,AST,STL,BLK,TOV,PF,PTS
1,Precious Achiuwa,C,22,TOR,21,17,26.5,3.4,8.8,0.386,0.3,1.2,0.269,3.0,7.5,.405,.405,0.9,1.7,0.543,2.3,5.9,8.2,1.6,0.5,0.6,1.1,2.5,8.0
2,Steven Adams,C,28,MEM,29,29,24.9,2.6,4.9,0.535,0.0,0.0,0.0,2.6,4.9,.535,.535,1.8,2.9,0.619,3.9,4.9,8.8,2.6,0.9,0.6,1.8,1.7,7.0
3,Bam Adebayo,C,24,MIA,18,18,32.9,7.0,13.5,0.519,0.0,0.1,0.0,7.0,13.4,.521,.519,4.7,6.2,0.759,2.7,7.4,10.2,3.2,1.1,0.3,2.9,3.3,18.7
4,Santi Aldama,PF,21,MEM,16,0,9.8,1.5,4.1,0.364,0.2,1.7,0.111,1.3,2.4,.538,.386,0.4,0.8,0.583,1.0,1.6,2.6,0.8,0.1,0.2,0.3,1.1,3.6
5,LaMarcus Aldridge,C,36,BRK,25,8,23.6,6.0,10.4,0.573,0.4,1.2,0.367,5.5,9.2,.600,.594,1.6,1.9,0.833,1.4,4.3,5.7,0.9,0.4,1.2,0.8,1.7,14.0
6,Nickeil Alexander-Walker,SG,23,NOP,30,18,28.2,5.0,13.8,0.366,2.0,6.6,0.31,3.0,7.2,.417,.439,1.4,1.9,0.732,1.0,2.9,3.9,2.6,1.0,0.4,1.5,1.9,13.5
7,Grayson Allen,SG,26,MIL,29,29,28.8,4.4,10.1,0.435,2.9,7.0,0.407,1.5,3.0,.500,.577,1.0,1.2,0.857,0.5,3.1,3.6,1.3,0.7,0.3,0.7,1.4,12.7
8,Jarrett Allen,C,23,CLE,27,27,32.7,6.9,9.7,0.703,0.0,0.2,0.167,6.8,9.5,.716,.705,3.1,4.4,0.714,3.3,7.7,11.0,2.0,0.9,1.4,2.0,1.9,16.9
9,Jose Alvarado,PG,23,NOP,8,0,5.1,0.6,1.6,0.385,0.3,0.6,0.4,0.4,1.0,.375,.462,0.3,0.4,0.667,0.3,0.4,0.6,1.1,0.5,0.0,0.1,0.4,1.8
10,Kyle Anderson,PF,28,MEM,25,3,21.8,3.2,7.3,0.443,0.8,2.2,0.357,2.4,5.1,.480,.497,1.1,1.7,0.667,1.0,4.4,5.4,2.6,1.1,0.6,1.0,1.4,8.4
11,Giannis Antetokounmpo,PF,27,MIL,26,26,32.7,9.5,18.0,0.529,1.1,3.8,0.28,8.5,14.2,.596,.559,6.9,10.1,0.681,2.0,9.5,11.6,5.8,1.1,1.6,3.3,3.0,27.0
12,Thanasis Antetokounmpo,SF,29,MIL,22,5,12.8,1.5,3.0,0.478,0.0,0.3,0.0,1.5,2.8,.525,.478,0.6,0.9,0.65,1.0,2.0,3.1,0.8,0.5,0.2,0.6,1.7,3.5
13,Carmelo Anthony,PF,37,LAL,29,3,27.6,4.5,10.4,0.43,2.4,5.8,0.413,2.1,4.7,.452,.545,2.0,2.5,0.819,0.8,3.3,4.1,0.9,0.7,0.6,0.8,2.3,13.4
14,Cole Anthony,PG,21,ORL,23,23,34.1,6.9,16.5,0.417,2.8,7.6,0.366,4.1,8.9,.461,.501,3.3,3.8,0.875,0.6,5.5,6.1,5.6,0.8,0.2,3.0,2.5,19.9
15,OG Anunoby,SF,24,TOR,15,15,37.3,7.6,17.7,0.43,2.7,7.5,0.366,4.9,10.2,.477,.508,2.2,2.7,0.825,1.6,3.8,5.4,2.7,1.5,0.6,1.7,2.7,20.1
16,DJ Augustin,PG,34,HOU,24,2,14.3,1.5,3.4,0.451,1.1,2.4,0.456,0.5,1.0,.440,.610,0.8,0.9,0.909,0.1,1.0,1.1,2.5,0.3,0.0,1.3,0.7,5.0
17,Deni Avdija,SF,21,WAS,29,2,21.2,2.4,5.7,0.421,0.8,2.6,0.303,1.6,3.0,.523,.491,0.8,1.2,0.686,0.8,4.0,4.8,1.2,0.6,0.8,0.6,2.1,6.4
18,Joel Ayayi,SG,21,WAS,5,0,2.6,0.0,0.0,0.441,0.0,0.0,0.0,0.0,0.0,,,0.0,0.0,0.766,0.0,0.4,0.4,0.6,0.0,0.0,0.0,0.0,0.0
19,Deandre Ayton,C,23,PHO,19,19,31.6,7.6,12.2,0.621,0.1,0.3,0.2,7.5,11.9,.630,.623,1.7,2.7,0.635,3.0,8.2,11.2,1.5,0.8,0.7,1.8,2.4,16.9
20,Udoka Azubuike,C,22,UTA,4,0,2.0,0.3,0.3,1.0,0.0,0.0,0.0,0.3,0.3,1.000,1.000,0.0,0.0,0.766,0.3,0.8,1.0,0.0,0.0,0.0,0.3,0.0,0.5
21,Marvin Bagley III,PF,22,SAC,13,1,19.6,3.2,6.6,0.477,0.6,2.2,0.286,2.5,4.5,.569,.523,1.2,1.8,0.652,2.2,4.5,6.7,0.6,0.2,0.3,0.5,1.2,8.1
22,LaMelo Ball,PG,20,CHO,24,24,33.3,7.3,17.3,0.418,2.9,7.5,0.391,4.3,9.9,.439,.502,2.6,2.9,0.9,1.5,6.2,7.7,8.3,1.9,0.4,3.3,3.1,20.0
23,Lonzo Ball,PG,24,CHI,27,27,35.5,4.6,11.2,0.413,3.1,7.3,0.421,1.6,3.9,.396,.550,0.4,0.6,0.706,1.0,4.5,5.5,4.9,1.7,1.0,2.5,2.3,12.8
24,Mo Bamba,C,23,ORL,27,27,28.7,4.2,9.1,0.457,1.3,4.0,0.324,2.9,5.1,.561,.528,0.7,0.9,0.72,2.3,6.3,8.6,1.7,0.7,2.2,1.4,2.6,10.3
25,Desmond Bane,SF,23,MEM,29,29,28.9,6.2,13.3,0.465,2.7,6.5,0.407,3.5,6.8,.520,.565,1.2,1.3,0.923,0.5,3.9,4.4,2.3,0.9,0.4,1.4,2.5,16.2
26,Dalano Banton,SF,22,TOR,27,0,12.7,1.6,3.6,0.458,0.2,0.7,0.3,1.4,2.8,.500,.490,0.7,0.9,0.75,0.7,1.7,2.3,1.8,0.4,0.2,1.0,1.4,4.1
27,Harrison Barnes,PF,29,SAC,24,24,33.3,5.3,11.6,0.459,1.8,4.7,0.381,3.5,6.9,.512,.536,5.0,5.9,0.845,1.3,5.3,6.6,2.4,0.9,0.1,1.9,1.3,17.5
28,Scottie Barnes,PF,20,TOR,26,26,36.2,6.2,12.8,0.488,0.8,2.2,0.368,5.4,10.6,.513,.520,2.2,3.0,0.727,3.0,5.3,8.3,3.3,1.1,1.0,1.9,2.8,15.4
29,RJ Barrett,SF,21,NYK,25,25,31.4,5.4,13.3,0.402,1.9,5.3,0.353,3.5,8.0,.435,.473,2.5,3.4,0.733,0.8,4.8,5.6,2.1,0.4,0.3,1.7,2.0,15.1
30,Will Barton,SG,31,DEN,24,24,33.3,6.2,14.0,0.443,2.5,6.5,0.382,3.7,7.5,.497,.533,1.1,1.5,0.743,0.6,4.4,5.0,4.2,0.9,0.4,1.8,1.4,16.0
31,Charles Bassey,PF,21,PHI,12,0,9.0,1.7,2.5,0.667,0.0,0.3,0.0,1.7,2.3,.741,.667,0.5,0.8,0.667,1.0,2.3,3.3,0.2,0.2,1.0,0.3,1.4,3.8
32,Keita Bates-Diop,SF,26,SAS,21,5,14.4,1.5,3.3,0.457,0.1,0.7,0.2,1.4,2.6,.527,.479,0.6,0.9,0.667,1.0,2.5,3.5,0.5,0.5,0.3,0.8,0.9,3.8
33,Nicolas Batum,PF,33,LAC,15,14,26.7,3.3,6.5,0.515,2.1,4.9,0.432,1.2,1.5,.783,.680,0.3,0.7,0.5,0.5,4.7,5.2,1.5,1.1,0.8,0.8,1.1,9.1
34,Kent Bazemore,SF,32,LAL,20,13,18.5,1.4,4.4,0.322,0.7,2.3,0.311,0.7,2.1,.333,.402,0.5,0.7,0.769,0.3,1.6,1.9,0.8,0.9,0.3,0.4,2.2,4.0
35,Darius Bazley,PF,21,OKC,27,27,27.4,3.2,8.6,0.373,1.0,3.6,0.281,2.2,5.1,.438,.431,1.1,1.7,0.63,0.9,5.4,6.3,1.3,0.9,1.1,1.4,1.0,8.5
36,Bradley Beal,SG,28,WAS,26,26,36.0,8.8,19.7,0.446,1.5,5.5,0.271,7.3,14.1,.515,.484,3.6,4.4,0.825,1.0,3.7,4.7,5.8,0.8,0.3,3.4,2.3,22.7
37,Malik Beasley,SG,25,MIN,28,0,25.6,3.9,10.7,0.361,2.6,7.8,0.341,1.2,2.9,.415,.485,0.6,0.8,0.739,0.4,2.8,3.2,1.6,0.6,0.2,0.7,1.2,11.0
38,DeAndre' Bembry,SF,27,BRK,26,11,19.6,2.4,4.3,0.568,0.3,0.8,0.409,2.1,3.4,.607,.608,0.4,0.8,0.476,0.7,2.5,3.3,1.1,0.9,0.5,0.7,2.3,5.6
39,Davis Bertans,PF,29,WAS,19,0,16.5,1.8,5.5,0.333,1.3,4.4,0.298,0.5,1.1,.476,.452,1.1,1.2,0.913,0.2,1.6,1.8,0.5,0.4,0.2,0.4,1.7,6.1
40,Patrick Beverley,PG,33,MIN,20,16,26.1,3.3,7.2,0.458,1.3,3.7,0.342,2.1,3.6,.577,.545,0.8,1.2,0.667,1.3,2.8,4.1,4.7,0.9,0.9,1.2,3.0,8.7
41,Saddiq Bey,SF,22,DET,26,26,31.7,4.3,12.6,0.345,1.8,6.1,0.296,2.5,6.5,.391,.416,1.4,1.9,0.735,1.8,4.0,5.8,2.3,1.0,0.2,1.4,1.7,11.9
42,Khem Birch,C,29,TOR,15,3,22.9,2.7,5.3,0.5,0.0,0.4,0.0,2.7,4.9,.541,.500,1.6,2.2,0.727,3.2,2.5,5.7,1.3,1.0,0.5,0.6,1.8,6.9
43,Goga Bitadze,C,22,IND,17,0,8.4,0.9,2.9,0.3,0.2,1.5,0.16,0.6,1.5,.440,.340,0.6,1.0,0.647,1.1,1.3,2.4,0.2,0.5,0.6,0.4,1.6,2.6
44,Nemanja Bjelica,C,33,GSW,28,0,14.3,2.4,5.0,0.479,1.0,2.5,0.4,1.4,2.5,.557,.579,0.8,1.2,0.667,0.9,3.0,3.9,1.6,0.7,0.3,1.1,1.5,6.6
45,Eric Bledsoe,PG,32,LAC,29,22,26.4,3.5,8.3,0.425,0.9,2.9,0.318,2.6,5.3,.484,.481,1.6,2.0,0.763,0.7,3.2,3.8,3.7,1.3,0.4,2.0,1.6,9.5
46,Keljin Blevins,SF,26,POR,3,0,4.7,0.7,1.3,0.5,0.7,1.0,0.667,0.0,0.3,.000,.750,0.0,0.0,0.766,0.0,0.3,0.3,0.3,0.0,0.0,0.7,0.0,2.0
47,Bogdan Bogdanovic,SG,29,ATL,20,20,28.2,4.5,10.0,0.447,2.2,5.5,0.391,2.3,4.5,.517,.555,0.6,0.7,0.786,0.4,3.2,3.6,2.5,0.7,0.2,0.9,1.9,11.6
48,Bojan Bogdanovic,PF,32,UTA,27,27,29.7,5.7,12.0,0.474,2.6,6.1,0.422,3.1,5.9,.528,.582,3.0,3.2,0.92,0.7,3.0,3.8,1.7,0.5,0.0,1.4,1.4,17.0
49,Bol Bol,PF,22,DEN,11,0,4.6,0.6,1.5,0.438,0.0,0.3,0.0,0.6,1.2,.538,.438,0.1,0.3,0.333,0.2,1.1,1.3,0.4,0.1,0.2,0.0,0.3,1.4
50,Leandro Bolmaro,SF,21,MIN,17,1,9.2,0.5,1.8,0.267,0.1,0.6,0.1,0.4,1.2,.350,.283,0.5,0.5,0.889,0.8,1.1,1.8,0.5,0.3,0.0,0.5,1.1,1.5
51,Isaac Bonga,SF,22,TOR,10,0,5.4,0.3,1.2,0.25,0.1,0.3,0.333,0.2,0.9,.222,.292,0.4,0.6,0.667,0.4,0.2,0.6,0.3,0.4,0.2,0.1,0.8,1.1
52,Devin Booker,SG,25,PHO,21,21,32.2,8.6,18.7,0.458,2.4,5.9,0.403,6.2,12.8,.483,.522,3.7,4.3,0.857,0.9,4.0,4.9,4.5,0.9,0.2,2.7,2.3,23.2
53,Brandon Boston Jr,SG,20,LAC,16,0,12.6,1.9,4.9,0.392,0.8,2.2,0.343,1.2,2.8,.432,.468,1.1,1.3,0.857,0.1,1.5,1.6,0.4,0.6,0.2,0.7,0.9,5.8
54,Chris Boucher,PF,29,TOR,26,4,15.6,2.8,6.5,0.429,0.5,2.5,0.212,2.2,3.9,.569,.470,1.2,1.7,0.721,1.6,2.9,4.5,0.3,0.4,0.9,0.7,1.7,7.3
55,James Bouknight,SG,21,CHO,13,0,7.9,1.4,3.7,0.375,0.7,1.5,0.474,0.7,2.2,.310,.469,0.5,0.6,0.875,0.9,0.7,1.6,0.4,0.1,0.0,0.4,0.5,4.0
56,Avery Bradley,SG,31,LAL,26,21,23.0,2.2,5.5,0.406,1.3,3.3,0.4,0.9,2.2,.414,.524,0.1,0.1,1.0,0.5,2.1,2.5,0.8,0.8,0.2,0.5,1.6,5.8
57,Tony Bradley,C,24,CHI,21,7,12.6,1.6,2.9,0.557,0.0,0.0,0.0,1.6,2.9,.557,.557,0.2,0.3,0.714,1.5,3.0,4.5,0.5,0.0,0.6,0.7,1.3,3.5
58,Ignas Brazdeikis,SF,23,ORL,13,0,8.5,0.6,2.4,0.258,0.2,1.4,0.167,0.4,1.0,.385,.306,0.4,0.5,0.833,0.4,1.0,1.4,0.5,0.2,0.0,0.2,1.0,1.8
59,Mikal Bridges,SF,25,PHO,27,27,34.6,4.9,9.2,0.536,1.3,3.2,0.407,3.6,6.0,.605,.607,1.0,1.2,0.875,1.0,3.0,3.9,1.8,1.4,0.5,0.8,2.2,12.2
60,Miles Bridges,PF,23,CHO,30,30,36.6,7.4,15.7,0.47,2.0,6.1,0.328,5.4,9.6,.561,.534,3.1,4.0,0.76,1.3,6.0,7.3,3.6,1.1,0.9,1.9,2.7,19.8
61,Oshae Brissett,SF,23,IND,19,0,15.5,2.1,4.5,0.459,0.8,2.3,0.372,1.2,2.2,.548,.553,0.2,0.6,0.273,0.7,2.4,3.1,0.5,0.6,0.2,0.8,1.2,5.1
62,Malcolm Brogdon,PG,29,IND,25,25,35.3,7.0,15.5,0.448,1.8,5.9,0.313,5.1,9.6,.531,.508,4.0,4.6,0.861,0.9,4.6,5.5,6.2,0.9,0.4,2.3,2.2,19.7
63,Armoni Brooks,SG,23,HOU,24,4,16.1,2.3,6.2,0.372,1.7,5.0,0.331,0.6,1.1,.556,.507,0.5,0.6,0.867,0.3,1.7,2.0,1.3,0.6,0.2,0.5,1.5,6.8
64,Dillon Brooks,SF,26,MEM,15,14,27.8,6.6,15.8,0.418,1.6,4.9,0.324,5.0,10.9,.460,.468,3.5,4.0,0.883,0.7,2.9,3.5,2.9,1.2,0.1,2.1,3.4,18.3
65,Bruce Brown,SF,25,BRK,24,14,22.5,3.0,6.4,0.468,0.3,1.0,0.32,2.7,5.4,.496,.494,0.5,0.7,0.765,1.4,2.9,4.3,1.1,1.3,0.4,0.6,2.5,6.9
66,Greg Brown III,SF,20,POR,11,0,4.6,0.6,1.8,0.35,0.0,0.4,0.0,0.6,1.5,.438,.350,0.2,0.6,0.286,0.5,0.8,1.3,0.5,0.2,0.4,0.2,0.6,1.5
67,Jaylen Brown,SF,25,BOS,14,14,32.6,7.6,16.5,0.463,2.4,6.6,0.37,5.2,9.9,.525,.537,3.5,4.5,0.778,0.4,4.7,5.1,2.4,1.1,0.5,2.4,2.6,21.2
68,Moses Brown,C,22,DAL,14,1,6.3,1.0,1.6,0.636,0.0,0.0,0.0,1.0,1.6,.636,.636,1.4,2.1,0.69,0.7,1.4,2.1,0.0,0.2,0.4,0.4,1.0,3.4
69,Sterling Brown,SG,26,DAL,20,0,12.8,1.1,3.1,0.355,0.6,2.0,0.275,0.6,1.1,.500,.444,0.2,0.2,1.0,0.7,2.5,3.2,0.8,0.5,0.2,0.7,1.2,3.0
70,Troy Brown Jr,SF,22,CHI,18,1,12.8,1.7,4.1,0.411,0.4,1.7,0.267,1.2,2.4,.512,.466,0.6,0.8,0.714,0.4,2.1,2.5,0.8,0.3,0.1,0.4,0.8,4.3
71,Jalen Brunson,PG,25,DAL,27,9,29.4,5.9,11.8,0.497,1.0,3.0,0.325,4.9,8.8,.555,.538,2.1,2.7,0.77,0.6,3.4,4.0,5.0,0.8,0.0,1.4,1.9,14.8
72,Reggie Bullock,SF,30,DAL,27,11,23.9,2.1,5.9,0.354,1.2,4.3,0.274,0.9,1.5,.585,.456,0.3,0.4,0.727,0.2,2.5,2.7,0.9,0.3,0.1,0.6,1.4,5.6
73,Trey Burke,PG,29,DAL,16,0,12.7,2.9,6.4,0.461,0.9,2.4,0.395,2.0,4.0,.500,.534,0.9,0.9,0.933,0.1,1.0,1.1,1.9,0.4,0.0,0.9,0.8,7.7
74,Alec Burks,SG,30,NYK,27,8,25.8,3.5,8.9,0.396,2.0,4.9,0.398,1.6,4.0,.393,.506,2.4,3.0,0.825,0.4,3.4,3.7,2.1,1.2,0.3,0.8,2.2,11.4
75,Jared Butler,SG,21,UTA,17,0,4.3,0.6,1.9,0.344,0.4,1.1,0.316,0.3,0.8,.385,.438,0.2,0.4,0.571,0.0,0.7,0.7,0.6,0.1,0.4,0.5,0.9,1.9
76,Jimmy Butler,SF,32,MIA,18,18,33.7,7.7,15.2,0.509,0.3,1.7,0.194,7.4,13.4,.550,.520,7.1,8.3,0.852,1.6,4.2,5.8,5.2,2.2,0.3,1.9,1.6,22.8
77,Devontae Cacok,PF,25,SAS,1,0,2.0,1.0,1.0,1.0,0.0,0.0,0.0,1.0,1.0,1.000,1.000,0.0,0.0,0.766,1.0,1.0,2.0,1.0,0.0,0.0,0.0,0.0,2.0
78,Kentavious Caldwell-Pope,SG,28,WAS,29,29,29.1,3.9,9.4,0.418,2.0,5.2,0.387,1.9,4.2,.455,.524,1.2,1.3,0.895,0.6,3.0,3.6,1.7,1.3,0.4,1.2,1.9,11.0
79,Facundo Campazzo,PG,30,DEN,27,0,20.3,2.0,5.1,0.396,1.2,3.3,0.356,0.9,1.8,.469,.511,0.9,1.0,0.857,0.4,1.4,1.8,3.1,1.0,0.3,1.0,1.9,6.1
80,Vlatko Cancar,PF,24,DEN,8,0,7.3,0.8,2.0,0.375,0.5,0.6,0.8,0.3,1.4,.182,.500,0.6,0.8,0.833,0.1,1.0,1.1,0.8,0.3,0.1,0.4,0.6,2.6
81,Clint Capela,C,27,ATL,28,28,30.0,5.1,8.9,0.57,0.0,0.0,0.0,5.1,8.9,.573,.570,1.2,2.4,0.515,4.0,8.9,12.9,1.4,0.9,1.5,0.6,2.4,11.4
82,Vernon Carey Jr,C,20,CHO,2,1,6.0,1.5,3.0,0.5,0.0,0.0,0.0,1.5,3.0,.500,.500,0.5,0.5,1.0,1.0,0.5,1.5,0.0,0.5,0.0,0.5,0.5,3.5
83,Jevon Carter,PG,26,BRK,27,1,11.7,0.8,2.8,0.276,0.7,2.2,0.305,0.1,0.6,.176,.395,0.1,0.1,0.75,0.1,1.3,1.5,1.1,0.3,0.3,0.4,1.1,2.3
84,Wendell Carter Jr,C,22,ORL,29,29,29.4,5.0,10.0,0.505,1.3,3.9,0.348,3.7,6.1,.605,.573,1.5,2.1,0.71,2.2,8.0,10.1,2.6,0.7,0.6,1.5,2.6,12.9
85,Alex Caruso,SG,27,CHI,24,7,28.5,2.8,6.3,0.441,1.0,3.0,0.347,1.8,3.3,.525,.523,1.8,2.0,0.857,0.9,2.7,3.6,4.1,2.2,0.4,1.5,2.7,8.4
86,Willie Cauley-Stein,C,28,DAL,18,2,9.8,0.9,1.9,0.457,0.1,0.1,0.5,0.8,1.8,.455,.471,0.1,0.1,0.5,0.7,1.4,2.1,0.5,0.3,0.2,0.4,0.9,1.9
87,Justin Champagnie,SF,20,TOR,14,0,6.8,0.9,1.9,0.444,0.0,0.5,0.0,0.9,1.4,.600,.444,0.5,0.5,1.0,0.9,0.5,1.4,0.1,0.1,0.1,0.0,0.8,2.2
88,Chris Chiozza,PG,26,GSW,11,0,11.3,1.0,2.7,0.367,0.8,2.0,0.409,0.2,0.7,.250,.517,0.1,0.1,1.0,0.5,1.0,1.5,1.6,0.5,0.0,0.8,1.4,2.9
89,Josh Christopher,SG,20,HOU,20,0,11.1,2.0,4.1,0.476,0.6,1.5,0.414,1.4,2.7,.509,.549,0.7,1.0,0.684,0.5,0.9,1.4,1.2,0.6,0.1,1.0,0.9,5.2
90,Gary Clark,F,27,NOP,1,0,3.0,0.0,0.0,0.441,0.0,0.0,0.0,0.0,0.0,,,0.0,0.0,0.766,0.0,0.0,0.0,0.0,0.0,0.0,0.0,0.0,0.0
91,Brandon Clarke,PF,25,MEM,19,0,16.0,3.4,5.5,0.61,0.1,0.6,0.091,3.3,4.9,.670,.614,0.9,1.4,0.667,1.7,2.6,4.4,1.4,0.4,0.9,0.4,1.7,7.7
92,Jordan Clarkson,SG,29,UTA,27,0,25.0,5.3,14.0,0.381,2.7,8.7,0.305,2.7,5.3,.507,.476,1.5,1.9,0.82,0.7,2.5,3.1,2.1,0.6,0.2,1.2,1.6,14.9
93,Nicolas Claxton,C,22,BRK,10,5,18.2,2.7,4.4,0.614,0.0,0.0,0.0,2.7,4.4,.614,.614,0.8,1.6,0.5,1.3,3.5,4.8,0.5,0.2,0.8,0.7,2.0,6.2
94,Amir Coffey,SG,24,LAC,17,3,12.5,0.8,2.4,0.341,0.6,1.8,0.333,0.2,0.6,.364,.463,1.1,1.2,0.857,0.2,1.4,1.6,0.6,0.1,0.1,0.3,0.8,3.3
95,John Collins,PF,24,ATL,28,28,32.4,6.5,11.7,0.557,1.3,3.1,0.402,5.3,8.6,.613,.610,2.9,3.6,0.784,1.7,6.1,7.8,2.1,0.7,1.3,1.0,3.0,17.1
96,Mike Conley,PG,34,UTA,25,25,27.8,4.9,10.0,0.49,2.5,5.5,0.457,2.4,4.5,.531,.616,1.2,1.4,0.833,0.4,1.7,2.1,5.4,1.2,0.3,1.8,2.0,13.6
97,Pat Connaughton,SG,29,MIL,30,11,28.9,4.5,8.8,0.506,2.7,6.3,0.434,1.7,2.5,.684,.660,0.8,1.1,0.781,0.8,3.9,4.7,1.3,1.0,0.3,0.7,1.5,12.5
98,Tyler Cook,PF,24,CHI,2,0,8.5,1.0,2.0,0.5,0.0,0.0,0.0,1.0,2.0,.500,.500,1.0,1.0,1.0,0.0,1.0,1.0,1.5,0.0,0.0,0.5,0.5,3.0
99,Sharife Cooper,PG,20,ATL,6,0,2.3,0.3,1.0,0.333,0.0,0.3,0.0,0.3,0.7,.500,.333,0.0,0.0,0.766,0.0,0.0,0.0,0.7,0.0,0.0,0.3,0.2,0.7
100,Petr Cornelie,PF,26,DEN,9,0,3.1,0.4,1.3,0.333,0.0,0.7,0.0,0.4,0.7,.667,.333,0.0,0.0,0.766,0.7,0.7,1.3,0.3,0.0,0.0,0.2,0.6,0.9
101,DeMarcus Cousins,C,31,MIL,7,0,12.4,1.3,3.9,0.333,0.4,1.9,0.231,0.9,2.0,.429,.389,1.4,1.7,0.833,0.9,3.1,4.0,1.0,0.7,0.1,1.1,2.4,4.4
102,Robert Covington,PF,31,POR,29,26,27.2,2.4,6.2,0.387,1.5,4.6,0.333,0.9,1.7,.531,.508,0.1,0.1,1.0,0.6,4.2,4.7,1.2,1.2,1.1,1.1,2.4,6.4
103,Torrey Craig,SF,31,IND,27,1,14.8,1.9,4.0,0.481,0.5,2.0,0.264,1.4,2.0,.691,.546,0.6,0.8,0.773,1.1,2.0,3.1,0.9,0.4,0.3,0.6,1.5,5.0
104,Jae Crowder,PF,31,PHO,27,27,28.3,3.3,8.2,0.401,1.9,5.4,0.34,1.4,2.8,.520,.514,1.0,1.3,0.771,0.4,4.4,4.8,1.4,1.2,0.5,0.9,2.4,9.4
105,Jarrett Culver,SG,22,MEM,11,0,9.2,1.9,3.6,0.525,0.3,1.1,0.25,1.6,2.5,.643,.563,0.4,0.7,0.5,0.2,1.4,1.5,1.3,0.5,0.1,0.3,0.4,4.5
106,Cade Cunningham,PG,20,DET,21,21,32.1,5.8,15.2,0.382,2.3,7.2,0.322,3.5,8.0,.437,.459,1.8,2.2,0.826,1.0,5.2,6.2,4.6,1.4,0.6,3.9,2.5,15.8
107,Seth Curry,SG,31,PHI,26,26,34.2,5.8,11.4,0.508,2.1,5.3,0.394,3.7,6.2,.606,.599,2.0,2.3,0.864,0.5,2.5,3.0,2.9,0.8,0.2,1.7,2.4,15.7
108,Stephen Curry,PG,33,GSW,27,27,34.3,8.7,20.3,0.431,5.4,13.4,0.399,3.4,6.8,.495,.564,4.0,4.3,0.923,0.7,4.8,5.5,6.1,1.6,0.5,3.3,1.9,26.9
109,Anthony Davis,C,28,LAL,26,26,36.0,9.5,18.3,0.52,0.4,2.1,0.182,9.1,16.2,.564,.531,4.5,6.2,0.725,2.8,7.4,10.2,3.0,1.2,2.1,2.2,2.3,23.8
110,Ed Davis,C,32,CLE,10,2,9.6,0.9,1.2,0.75,0.0,0.0,0.0,0.9,1.2,.750,.750,0.1,0.4,0.25,0.5,2.7,3.2,0.1,0.2,0.6,0.3,1.2,1.9
111,Terence Davis,SG,24,SAC,20,7,17.3,3.5,8.5,0.414,1.4,4.8,0.295,2.1,3.7,.568,.497,0.8,1.0,0.75,0.3,2.7,3.0,1.0,0.8,0.4,1.3,2.5,9.2
112,Gabriel Deck,PF,26,OKC,6,0,7.5,1.0,2.0,0.5,0.2,0.5,0.333,0.8,1.5,.556,.542,0.0,0.0,0.766,0.2,0.7,0.8,0.5,0.2,0.0,0.3,0.3,2.2
113,Dewayne Dedmon,C,32,MIA,29,11,16.9,2.5,4.3,0.571,0.3,0.5,0.6,2.2,3.8,.568,.607,1.0,1.3,0.789,1.9,4.3,6.2,0.9,0.4,0.4,0.9,2.2,6.3
114,Sam Dekker,PF,27,TOR,1,0,1.0,0.0,0.0,0.441,0.0,0.0,0.0,0.0,0.0,,,0.0,0.0,0.766,0.0,0.0,0.0,0.0,0.0,0.0,0.0,0.0,0.0
115,DeMar DeRozan,PF,32,CHI,24,24,35.3,9.5,19.0,0.498,0.8,2.5,0.333,8.6,16.5,.523,.520,6.6,7.5,0.888,0.6,4.7,5.3,4.1,0.9,0.4,2.0,2.3,26.4
116,Hamidou Diallo,SG,23,DET,19,2,15.7,2.8,5.3,0.525,0.3,1.2,0.273,2.5,4.2,.595,.554,1.1,1.4,0.741,0.9,2.1,3.0,0.8,0.6,0.5,0.6,1.8,6.9
117,Gorgui Dieng,C,32,ATL,23,0,8.3,0.9,2.1,0.438,0.4,1.0,0.375,0.5,1.0,.500,.531,0.5,0.7,0.688,0.9,2.3,3.2,0.7,0.3,0.3,0.6,1.5,2.7
118,Spencer Dinwiddie,PG,28,WAS,25,25,29.5,4.4,11.4,0.387,1.6,5.0,0.328,2.8,6.4,.434,.460,2.3,2.8,0.841,0.7,4.2,4.9,5.1,0.4,0.2,1.6,2.4,12.8
119,Luka Doncic,PG,22,DAL,21,21,35.0,9.5,21.3,0.447,2.7,8.3,0.326,6.8,13.0,.526,.511,3.9,5.5,0.698,0.8,7.2,8.0,8.5,1.0,0.5,4.6,2.5,25.6
120,Luguentz Dort,SF,22,OKC,25,25,32.2,5.8,13.7,0.423,2.5,7.5,0.332,3.3,6.2,.532,.513,2.9,3.4,0.837,0.7,3.1,3.8,1.8,0.8,0.4,1.6,2.8,17.0
121,Ayo Dosunmu,SG,22,CHI,25,2,17.9,2.4,4.8,0.504,0.7,1.6,0.415,1.8,3.2,.550,.574,0.4,0.8,0.579,0.5,1.6,2.1,1.2,0.4,0.2,0.8,1.5,6.0
122,Devon Dotson,PG,22,CHI,5,0,9.6,1.0,2.4,0.417,0.2,1.0,0.2,0.8,1.4,.571,.458,1.0,1.6,0.625,0.2,1.0,1.2,0.8,0.0,0.0,0.2,1.0,3.2
123,Sekou Doumbouya,PF,21,LAL,2,0,8.0,2.5,4.0,0.625,0.5,1.0,0.5,2.0,3.0,.667,.688,1.5,2.0,0.75,1.0,2.0,3.0,0.0,1.5,1.0,1.0,0.5,7.0
124,Jeff Dowtin,PG,24,GSW,3,0,3.3,0.7,1.3,0.5,0.0,0.0,0.0,0.7,1.3,.500,.500,0.0,0.0,0.766,0.0,0.7,0.7,0.0,0.0,0.0,0.0,0.3,1.3
125,PJ Dozier,SG,25,DEN,18,0,18.9,2.0,5.5,0.364,0.8,2.7,0.313,1.2,2.8,.412,.439,0.6,0.7,0.769,0.8,2.7,3.5,1.6,0.6,0.3,0.7,1.8,5.4
126,Goran Dragic,PG,35,TOR,5,2,18.0,2.6,6.8,0.382,0.8,2.8,0.286,1.8,4.0,.450,.441,2.0,2.0,1.0,0.4,2.4,2.8,1.8,1.0,0.2,0.2,1.6,8.0
127,Andre Drummond,C,28,PHI,28,11,19.9,2.5,5.0,0.496,0.0,0.0,0.0,2.5,5.0,.500,.496,1.1,2.0,0.564,3.1,6.4,9.5,1.9,1.0,1.1,1.7,2.5,6.1
128,Chris Duarte,SG,24,IND,28,22,29.1,5.0,11.9,0.422,1.8,5.3,0.34,3.2,6.6,.486,.497,1.0,1.4,0.744,0.5,3.5,4.0,2.0,1.0,0.1,1.7,1.8,12.8
129,David Duke,G,22,BRK,3,1,22.7,2.7,8.3,0.32,0.3,3.0,0.111,2.3,5.3,.438,.340,0.7,1.0,0.667,2.7,3.3,6.0,1.3,1.0,0.7,0.0,2.7,6.3
130,Kevin Durant,PF,33,BRK,26,26,36.9,10.7,20.5,0.523,1.8,4.9,0.375,8.8,15.5,.569,.568,6.3,7.2,0.882,0.5,7.3,7.8,5.8,0.7,0.8,3.2,1.8,29.6
131,Anthony Edwards,SG,20,MIN,28,28,35.9,8.1,18.7,0.434,3.1,8.6,0.36,5.0,10.0,.498,.517,2.8,3.5,0.788,1.2,4.6,5.8,3.6,1.6,0.7,3.3,2.3,22.1
132,Kessler Edwards,SF,21,BRK,3,0,18.3,3.3,6.0,0.556,1.7,3.3,0.5,1.7,2.7,.625,.694,0.0,0.0,0.766,1.7,2.7,4.3,0.7,0.7,0.0,1.0,0.7,8.3
133,CJ Elleby,SF,21,POR,14,0,5.4,0.7,1.6,0.455,0.3,0.9,0.333,0.4,0.7,.600,.545,0.0,0.0,0.766,0.1,1.1,1.3,0.3,0.0,0.0,0.5,0.8,1.7
134,Wayne Ellington,SG,34,LAL,21,3,20.4,2.2,5.5,0.397,2.0,5.1,0.398,0.1,0.4,.375,.582,0.2,0.2,0.8,0.2,1.3,1.5,0.7,0.5,0.1,0.4,1.0,6.6
135,Joel Embiid,C,27,PHI,18,18,33.1,7.3,16.7,0.439,1.3,3.4,0.371,6.1,13.3,.456,.477,7.9,9.9,0.798,1.7,9.3,11.0,4.2,1.1,1.3,2.6,2.7,23.8
136,Drew Eubanks,C,24,SAS,26,8,14.4,2.0,3.8,0.52,0.0,0.2,0.2,2.0,3.7,.537,.525,1.5,1.8,0.809,1.2,3.3,4.6,1.3,0.4,0.8,1.2,1.4,5.5
137,Tacko Fall,C,26,CLE,8,0,3.1,0.3,0.6,0.4,0.0,0.0,0.0,0.3,0.6,.400,.400,0.1,0.6,0.2,0.1,0.5,0.6,0.0,0.0,0.3,0.1,0.1,0.6
138,Derrick Favors,C,30,OKC,21,9,16.7,2.7,5.2,0.509,0.1,0.4,0.222,2.6,4.8,.535,.518,0.5,0.9,0.556,1.4,3.7,5.1,0.6,0.5,0.2,0.3,1.4,5.9
139,Bruno Fernando,C,23,BOS,8,0,2.3,0.3,0.4,0.667,0.0,0.0,0.0,0.3,0.4,.667,.667,0.0,0.0,0.766,0.1,0.1,0.3,0.1,0.0,0.1,0.4,0.4,0.5
140,Dorian Finney-Smith,PF,28,DAL,28,28,32.1,3.5,8.0,0.435,1.8,4.8,0.37,1.7,3.1,.534,.547,0.6,1.0,0.586,1.7,3.0,4.8,1.8,1.4,0.5,1.0,2.3,9.3
141,Malik Fitts,PF,24,UTA,4,0,2.5,0.0,0.3,0.0,0.0,0.0,0.0,0.0,0.3,.000,.000,0.0,0.0,0.766,0.0,0.8,0.8,0.0,0.0,0.0,0.0,0.0,0.0
142,Malachi Flynn,PG,23,TOR,20,0,8.3,1.2,3.2,0.375,0.5,1.6,0.29,0.8,1.7,.455,.445,0.2,0.4,0.571,0.3,0.9,1.2,0.9,0.5,0.1,0.3,0.9,3.1
143,Bryn Forbes,SG,28,SAS,26,0,14.5,2.8,6.1,0.465,1.3,3.0,0.43,1.5,3.1,.500,.572,0.9,1.0,0.889,0.1,1.1,1.2,0.7,0.4,0.0,0.9,0.8,7.9
144,Trent Forrest,PG,23,UTA,20,0,7.5,0.6,1.1,0.524,0.1,0.2,0.333,0.5,0.9,.556,.548,0.4,0.4,0.875,0.3,0.9,1.1,0.8,0.3,0.0,0.6,0.5,1.5
145,Evan Fournier,SG,29,NYK,28,28,28.1,4.4,10.8,0.404,2.4,6.5,0.368,2.0,4.3,.458,.515,0.9,1.2,0.788,0.4,2.3,2.7,1.6,0.9,0.2,1.3,1.8,12.0
146,De'Aaron Fox,PG,24,SAC,29,29,34.2,7.9,17.4,0.455,1.1,4.1,0.263,6.9,13.3,.514,.486,4.3,5.9,0.741,0.5,3.1,3.7,5.0,1.4,0.4,2.7,2.8,21.3
147,Enes Freedom,C,29,BOS,17,0,11.2,1.6,3.4,0.466,0.1,0.2,0.333,1.5,3.2,.473,.474,0.9,1.1,0.833,2.1,3.2,5.2,0.2,0.2,0.5,0.6,1.1,4.1
148,Daniel Gafford,C,23,WAS,26,26,21.2,4.0,5.8,0.678,0.0,0.0,0.0,4.0,5.8,.678,.678,1.3,1.8,0.723,2.1,4.2,6.3,1.0,0.5,1.9,1.1,2.7,9.2
149,Danilo Gallinari,PF,33,ATL,25,0,21.8,3.2,7.4,0.425,1.6,3.8,0.421,1.6,3.6,.429,.532,1.7,1.8,0.935,0.5,3.4,4.0,1.4,0.5,0.2,0.5,1.4,9.6
150,Darius Garland,PG,22,CLE,28,28,34.3,7.1,15.1,0.467,2.6,6.8,0.389,4.4,8.4,.530,.554,2.2,2.5,0.899,0.4,2.6,3.0,7.4,1.3,0.1,3.8,1.9,19.0
151,Marcus Garrett,SG,23,MIA,6,0,3.5,0.0,0.3,0.0,0.0,0.0,0.0,0.0,0.3,.000,.000,0.0,0.3,0.0,0.0,0.5,0.5,0.7,0.0,0.2,0.0,0.5,0.0
152,Usman Garuba,PF,19,HOU,8,0,7.8,0.8,2.0,0.375,0.3,1.1,0.222,0.5,0.9,.571,.438,0.1,0.3,0.5,0.8,2.0,2.8,0.9,0.5,0.5,0.3,0.8,1.9
153,Luka Garza,C,23,DET,15,2,9.5,1.3,3.0,0.422,0.4,1.1,0.375,0.9,1.9,.448,.489,0.7,0.9,0.786,0.9,1.1,2.1,0.5,0.4,0.1,0.5,1.6,3.7
154,Rudy Gay,PF,35,UTA,13,0,19.0,3.3,7.5,0.443,2.0,5.0,0.4,1.3,2.5,.531,.577,0.8,1.0,0.769,0.8,4.2,5.0,0.9,0.5,0.2,0.9,1.6,9.4
155,Paul George,SF,31,LAC,24,24,35.9,9.2,21.7,0.422,2.7,8.4,0.318,6.5,13.3,.488,.484,4.0,4.5,0.88,0.4,6.9,7.3,5.4,1.9,0.4,4.3,2.6,25.0
156,Taj Gibson,C,36,NYK,12,1,18.6,1.3,2.7,0.469,0.0,0.3,0.0,1.3,2.4,.517,.469,0.6,0.8,0.778,1.9,2.8,4.7,0.7,0.3,1.2,1.0,3.2,3.1
157,Josh Giddey,SG,19,OKC,25,25,29.9,4.5,11.3,0.397,0.9,3.6,0.244,3.6,7.7,.469,.436,0.8,1.2,0.7,1.4,5.4,6.8,5.9,1.0,0.6,2.9,1.9,10.7
158,Shai Gilgeous-Alexander,PG,23,OKC,24,24,34.9,7.3,17.9,0.409,2.0,6.4,0.305,5.4,11.5,.467,.464,5.1,6.3,0.813,0.5,4.1,4.6,4.9,0.9,0.7,2.4,2.0,21.7
159,Anthony Gill,PF,29,WAS,11,0,5.0,0.8,1.1,0.75,0.3,0.3,1.0,0.5,0.8,.667,.875,0.6,0.7,0.875,0.5,0.9,1.4,0.2,0.0,0.2,0.2,0.5,2.5
160,Rudy Gobert,C,29,UTA,27,27,31.4,5.5,7.5,0.738,0.0,0.0,0.0,5.5,7.4,.741,.738,4.2,6.3,0.675,3.1,11.5,14.7,1.0,0.8,2.1,1.8,2.6,15.3
161,Aaron Gordon,PF,26,DEN,28,28,32.6,5.4,10.4,0.515,1.0,2.9,0.341,4.4,7.5,.584,.564,2.3,3.1,0.747,1.9,3.7,5.6,2.3,0.6,0.7,1.5,2.0,14.0
162,Eric Gordon,SG,33,HOU,23,12,29.9,5.3,11.0,0.484,2.4,5.4,0.448,2.9,5.6,.519,.594,2.0,2.8,0.719,0.3,1.7,1.9,2.9,0.6,0.6,2.5,1.2,15.1
163,Devonte' Graham,PG,26,NOP,27,27,31.1,4.5,12.3,0.366,2.9,8.1,0.353,1.7,4.3,.391,.482,1.4,1.8,0.776,0.5,1.9,2.4,4.5,1.1,0.1,1.6,1.4,13.3
164,Jerami Grant,PF,27,DET,24,24,33.2,6.6,15.9,0.414,1.8,5.3,0.331,4.8,10.6,.455,.469,5.2,6.1,0.849,1.0,3.9,4.8,2.6,1.1,1.1,2.1,2.3,20.1
165,Danny Green,SF,34,PHI,22,16,23.5,2.5,5.8,0.422,1.9,4.9,0.389,0.5,0.9,.600,.586,0.2,0.2,1.0,0.6,2.1,2.7,1.2,1.4,0.8,1.0,1.9,7.0
166,Draymond Green,PF,31,GSW,27,27,30.3,3.3,5.9,0.556,0.3,1.0,0.308,3.0,5.0,.604,.581,1.4,2.3,0.587,1.2,6.8,8.0,7.3,1.4,1.0,3.1,2.7,8.3
167,Jalen Green,SG,19,HOU,18,18,30.8,4.8,12.7,0.382,1.8,6.4,0.278,3.1,6.3,.487,.452,2.6,3.2,0.807,0.4,2.7,3.1,2.3,0.6,0.2,2.7,1.6,14.0
168,JaMychal Green,PF,31,DEN,25,4,14.4,2.1,5.1,0.409,0.5,2.4,0.22,1.6,2.7,.574,.461,0.7,0.9,0.783,0.9,2.4,3.3,0.8,0.8,0.5,1.0,2.2,5.4
169,Javonte Green,SF,28,CHI,23,12,20.6,2.1,4.2,0.495,0.4,1.1,0.385,1.7,3.1,.535,.546,0.8,1.0,0.75,1.5,2.7,4.3,0.7,0.8,0.3,0.7,2.0,5.4
170,Jeff Green,C,35,DEN,28,19,25.0,3.3,6.9,0.484,0.7,2.2,0.328,2.6,4.7,.557,.536,2.3,2.7,0.829,0.4,2.6,3.0,1.1,0.3,0.5,1.0,2.3,9.6
171,Josh Green,SG,21,DAL,17,0,7.4,1.1,1.8,0.6,0.2,0.4,0.5,0.9,1.4,.625,.650,0.1,0.2,0.25,0.5,1.1,1.5,0.5,0.4,0.1,0.2,0.9,2.4
172,Blake Griffin,PF,32,BRK,20,18,21.1,2.1,5.9,0.347,0.6,3.1,0.18,1.5,2.9,.526,.394,1.1,1.5,0.7,1.1,3.6,4.7,2.1,0.6,0.6,0.5,2.4,5.7
173,Quentin Grimes,SG,21,NYK,14,1,8.5,1.2,2.7,0.447,1.1,2.3,0.469,0.1,0.4,.333,.645,0.1,0.1,1.0,0.1,0.8,0.9,0.4,0.2,0.1,0.6,0.7,3.6
174,Tyrese Haliburton,SG,21,SAC,27,27,33.1,4.5,10.1,0.442,1.7,4.4,0.395,2.7,5.7,.477,.527,0.8,1.1,0.759,1.0,3.0,4.0,5.7,1.8,0.9,1.9,1.3,11.5
175,RJ Hampton,SG,20,ORL,29,1,18.5,2.6,6.4,0.398,1.0,2.5,0.417,1.5,3.9,.386,.478,1.3,2.2,0.603,0.3,2.5,2.8,2.3,0.5,0.1,1.5,1.4,7.4
176,Tim Hardaway Jr,SG,29,DAL,28,19,31.4,5.1,13.3,0.384,2.5,7.4,0.333,2.6,5.9,.448,.477,1.7,2.3,0.738,0.4,3.5,3.9,2.3,1.0,0.1,0.6,1.9,14.4
177,James Harden,PG,32,BRK,26,26,36.2,5.9,14.7,0.404,2.5,7.3,0.337,3.5,7.3,.471,.488,6.5,7.4,0.885,0.9,7.0,7.9,9.6,1.4,0.7,5.0,2.4,20.8
178,Maurice Harkless,SF,28,SAC,19,14,18.8,1.4,3.6,0.382,0.5,2.2,0.22,0.9,1.4,.630,.449,0.4,0.6,0.727,0.2,2.2,2.4,0.5,0.4,0.4,0.5,1.5,3.6
179,Montrezl Harrell,C,28,WAS,29,3,26.0,5.6,8.7,0.643,0.1,0.3,0.25,5.5,8.4,.656,.647,3.4,4.7,0.723,2.3,5.3,7.6,2.1,0.5,0.7,1.2,1.9,14.7
180,Gary Harris,SG,27,ORL,22,12,26.3,3.2,7.4,0.436,1.1,3.5,0.316,2.1,4.0,.540,.509,0.6,0.8,0.765,0.9,1.5,2.4,1.6,0.6,0.1,1.1,1.7,8.1
181,Joe Harris,SF,30,BRK,14,14,30.2,4.0,8.9,0.452,2.9,6.3,0.466,1.1,2.6,.417,.617,0.4,0.4,0.833,0.4,3.6,4.0,1.0,0.5,0.1,1.1,2.2,11.3
182,Tobias Harris,PF,29,PHI,20,20,34.2,7.4,15.5,0.474,1.3,4.1,0.317,6.1,11.4,.531,.516,2.9,3.4,0.838,1.0,6.8,7.8,3.3,0.4,0.6,1.7,1.5,18.9
183,Josh Hart,PF,26,NOP,23,22,31.0,4.2,8.3,0.508,0.8,2.3,0.333,3.4,6.0,.577,.555,2.1,2.5,0.828,1.1,5.7,6.8,4.1,0.8,0.3,1.7,2.9,11.3
184,Isaiah Hartenstein,C,23,LAC,28,0,16.3,3.2,4.9,0.657,0.1,0.1,0.667,3.1,4.8,.657,.664,1.1,1.8,0.653,1.8,2.9,4.7,1.9,0.9,1.3,1.0,2.5,7.6
185,Udonis Haslem,C,41,MIA,5,0,4.6,0.6,1.2,0.5,0.0,0.2,0.0,0.6,1.0,.600,.500,0.0,0.0,0.766,0.2,1.0,1.2,0.2,0.0,0.2,0.0,1.0,1.2
186,Sam Hauser,SF,24,BOS,3,0,2.3,0.3,1.0,0.333,0.3,1.0,0.333,0.0,0.0,,.500,0.0,0.0,0.766,0.0,0.7,0.7,0.0,0.3,0.0,0.0,0.3,1.0
187,Jaxson Hayes,C,21,NOP,20,0,11.7,2.0,4.0,0.506,0.2,0.6,0.364,1.8,3.4,.529,.532,1.4,1.9,0.757,1.3,2.0,3.2,0.3,0.3,0.6,0.7,1.6,5.6
188,Killian Hayes,PG,20,DET,21,21,25.6,2.2,6.6,0.333,1.0,2.9,0.344,1.2,3.7,.325,.409,0.9,1.0,0.905,0.6,2.9,3.4,3.7,1.1,0.4,1.5,2.6,6.3
189,Gordon Hayward,SF,31,CHO,30,30,34.3,6.5,13.8,0.47,1.9,4.6,0.403,4.6,9.1,.504,.538,3.6,4.2,0.857,0.9,4.0,4.9,3.9,0.8,0.6,1.9,1.8,18.4
190,Aaron Henry,SF,22,PHI,1,0,2.0,0.0,1.0,0.0,0.0,1.0,0.0,0.0,0.0,,.000,0.0,0.0,0.766,0.0,0.0,0.0,0.0,0.0,0.0,0.0,0.0,0.0
191,Juan Hernangomez,PF,26,BOS,15,0,4.2,0.3,1.2,0.222,0.1,0.8,0.167,0.1,0.4,.333,.278,0.3,0.3,0.8,0.4,0.7,1.1,0.1,0.3,0.0,0.4,0.3,0.9
192,Willy Hernangomez,C,27,NOP,16,0,14.3,3.4,5.3,0.647,0.1,0.1,1.0,3.3,5.2,.639,.659,1.3,1.9,0.7,2.3,4.3,6.6,1.4,0.4,0.3,1.0,2.0,8.3
193,Tyler Herro,SG,22,MIA,25,7,32.9,7.8,17.8,0.44,2.6,6.8,0.382,5.2,11.0,.476,.513,2.0,2.4,0.864,0.8,4.5,5.2,3.7,0.6,0.1,3.1,1.3,20.3
194,Buddy Hield,SG,29,SAC,29,2,28.3,5.2,13.6,0.382,3.5,9.9,0.355,1.7,3.7,.454,.511,1.7,1.9,0.857,0.7,3.3,4.0,2.1,0.8,0.3,1.6,2.0,15.6
195,George Hill,SG,35,MIL,24,11,26.5,2.6,6.0,0.438,1.0,3.0,0.324,1.7,3.0,.548,.517,1.3,1.3,0.938,0.9,2.6,3.5,2.5,0.8,0.1,1.2,1.7,7.5
196,Solomon Hill,PF,30,ATL,13,1,10.7,0.2,1.5,0.15,0.2,1.0,0.154,0.1,0.5,.143,.200,0.0,0.0,0.766,0.5,1.3,1.8,0.9,0.3,0.2,0.1,1.2,0.6
197,Aaron Holiday,PG,25,WAS,28,7,16.4,2.4,5.1,0.472,0.5,1.4,0.359,1.9,3.7,.515,.521,0.7,0.9,0.792,0.1,1.5,1.6,1.8,0.5,0.3,1.0,1.6,6.0
198,Jrue Holiday,PG,31,MIL,24,23,32.3,6.7,14.1,0.476,1.7,4.6,0.369,5.0,9.5,.529,.537,1.3,1.9,0.667,0.8,3.6,4.4,6.5,1.4,0.5,2.5,2.0,16.4
199,Justin Holiday,SF,32,IND,24,15,27.8,3.5,8.8,0.398,2.3,6.5,0.357,1.2,2.3,.519,.531,0.3,0.5,0.727,0.3,2.5,2.8,1.7,0.5,0.3,0.9,2.1,9.7
200,Richaun Holmes,C,28,SAC,22,22,27.1,5.9,8.4,0.707,0.1,0.2,0.5,5.8,8.2,.711,.712,2.1,2.6,0.807,2.7,6.6,9.3,1.4,0.3,1.0,1.4,3.0,14.0
201,Rodney Hood,SF,29,MIL,23,0,15.7,1.3,3.4,0.372,0.7,2.1,0.327,0.6,1.3,.448,.474,0.5,0.5,1.0,0.4,1.7,2.0,0.8,0.3,0.0,0.1,0.9,3.7
202,Al Horford,C,35,BOS,24,24,29.6,4.5,9.8,0.453,1.3,4.4,0.295,3.2,5.5,.580,.519,2.0,2.3,0.857,1.5,6.3,7.8,3.5,0.8,1.5,1.0,2.3,12.2
203,Talen Horton-Tucker,SG,21,LAL,15,12,28.8,4.3,10.7,0.406,1.0,3.6,0.278,3.3,7.1,.472,.453,1.6,1.9,0.828,0.7,3.8,4.5,2.9,1.3,0.5,1.5,3.1,11.3
204,Danuel House,SF,28,HOU,16,1,14.6,1.6,4.6,0.338,0.6,2.1,0.294,0.9,2.5,.375,.405,1.1,1.2,0.895,0.3,2.4,2.7,1.2,0.3,0.3,1.1,1.0,4.8
205,Dwight Howard,C,36,LAL,25,3,15.1,1.8,2.9,0.625,0.2,0.3,0.75,1.6,2.6,.609,.667,1.1,1.8,0.609,1.6,3.8,5.4,0.5,0.8,0.7,0.9,1.8,5.0
206,Markus Howard,SG,22,DEN,16,0,7.3,1.4,3.9,0.355,1.1,2.9,0.391,0.3,1.0,.250,.500,0.4,0.5,0.875,0.0,0.3,0.3,0.3,0.4,0.0,0.4,0.7,4.3
207,Kevin Huerter,SG,23,ATL,27,17,27.4,4.2,9.0,0.467,1.8,4.6,0.384,2.4,4.4,.555,.566,0.4,0.5,0.857,0.4,3.0,3.3,2.6,0.4,0.3,1.3,1.9,10.7
208,Jay Huff,C,23,LAL,1,0,8.0,0.0,1.0,0.0,0.0,1.0,0.0,0.0,0.0,,.000,0.0,0.0,0.766,1.0,1.0,2.0,1.0,0.0,0.0,0.0,0.0,0.0
209,Elijah Hughes,SF,23,UTA,6,0,2.8,0.0,0.3,0.0,0.0,0.2,0.0,0.0,0.2,.000,.000,0.3,0.3,1.0,0.0,0.2,0.2,0.0,0.0,0.0,0.2,0.3,0.3
210,De'Andre Hunter,SF,24,ATL,11,11,27.8,4.5,10.1,0.45,1.4,3.5,0.395,3.2,6.6,.479,.518,0.4,0.9,0.4,0.4,2.4,2.7,0.6,0.6,0.3,1.3,2.9,10.8
211,Chandler Hutchison,SF,25,PHO,5,0,2.8,0.2,0.4,0.5,0.0,0.0,0.0,0.2,0.4,.500,.500,0.4,0.4,1.0,0.0,1.0,1.0,0.2,0.0,0.0,0.6,0.2,0.8
212,Bones Hyland,PG,21,DEN,19,0,16.3,2.7,7.3,0.374,1.6,4.7,0.337,1.2,2.6,.440,.482,1.2,1.2,0.957,0.2,1.5,1.7,1.6,0.7,0.2,0.8,1.7,8.2
213,Serge Ibaka,C,32,LAC,11,3,14.0,1.5,4.3,0.362,0.7,1.8,0.4,0.8,2.5,.333,.447,0.5,0.7,0.625,1.1,2.0,3.1,1.2,0.2,0.3,0.5,1.9,4.3
214,Andre Iguodala,SF,38,GSW,14,0,19.6,1.4,3.7,0.365,0.4,2.2,0.161,1.0,1.5,.667,.413,0.4,0.6,0.75,0.7,2.8,3.5,3.6,0.6,0.7,0.6,0.9,3.5
215,Joe Ingles,SF,34,UTA,27,5,24.6,2.7,6.1,0.448,2.0,4.9,0.402,0.8,1.2,.636,.609,0.4,0.5,0.769,0.4,2.5,3.0,3.5,0.5,0.1,1.0,1.6,7.8
216,Brandon Ingram,SF,24,NOP,23,23,35.3,8.7,19.2,0.45,1.7,4.8,0.36,6.9,14.4,.480,.495,4.3,5.3,0.826,0.8,5.5,6.3,4.9,0.6,0.4,2.9,2.2,23.4
217,Frank Jackson,PG,23,DET,26,2,22.0,3.5,8.8,0.402,1.9,5.6,0.336,1.7,3.2,.518,.509,1.3,1.6,0.833,0.2,1.1,1.3,0.8,0.5,0.2,0.9,1.5,10.3
218,Isaiah Jackson,PF,20,IND,7,0,5.1,0.7,2.0,0.357,0.0,0.0,0.0,0.7,2.0,.357,.357,0.1,0.3,0.5,0.6,1.0,1.6,0.0,0.1,0.1,0.1,1.3,1.6
219,Jaren Jackson Jr,PF,22,MEM,28,28,27.1,5.7,13.4,0.428,2.1,6.1,0.343,3.6,7.2,.500,.507,2.9,3.5,0.835,1.1,4.3,5.3,1.0,0.9,1.9,1.5,3.4,16.4
220,Josh Jackson,SF,24,DET,23,3,18.1,2.4,6.0,0.406,0.8,2.7,0.29,1.7,3.3,.500,.471,1.0,1.4,0.697,0.5,2.7,3.1,1.6,0.4,0.4,1.0,1.8,6.7
221,Reggie Jackson,SG,31,LAC,29,29,33.0,6.7,16.8,0.396,2.7,8.1,0.329,4.0,8.7,.458,.475,1.5,1.9,0.8,0.6,2.9,3.5,4.1,0.6,0.2,2.1,1.9,17.5
222,LeBron James,SF,37,LAL,17,17,37.1,9.9,19.7,0.504,2.8,7.9,0.358,7.1,11.8,.602,.576,3.4,4.5,0.763,0.6,5.3,5.9,6.9,1.8,0.9,3.6,2.1,26.1
223,DeJon Jarreau,SG,24,IND,1,0,1.0,0.0,0.0,0.441,0.0,0.0,0.0,0.0,0.0,,,0.0,0.0,0.766,0.0,0.0,0.0,0.0,0.0,0.0,0.0,0.0,0.0
224,Ty Jerome,SG,24,OKC,22,1,13.6,2.3,5.7,0.397,0.9,3.2,0.282,1.4,2.5,.545,.476,1.1,1.3,0.828,0.3,0.8,1.0,1.2,0.6,0.1,0.6,1.3,6.5
225,Isaiah Joe,SG,22,PHI,17,0,10.0,1.2,3.5,0.356,0.9,2.6,0.341,0.4,0.9,.400,.483,0.4,0.4,1.0,0.1,1.0,1.1,0.8,0.2,0.0,0.4,0.7,3.8
226,Alize Johnson,PF,25,CHI,16,0,7.6,0.8,1.4,0.522,0.0,0.1,0.0,0.8,1.3,.571,.522,0.3,0.4,0.571,1.0,1.3,2.3,0.5,0.2,0.0,0.5,0.9,1.8
227,Cameron Johnson,PF,25,PHO,27,0,24.3,3.5,8.3,0.418,2.1,5.3,0.406,1.3,3.0,.439,.547,1.0,1.3,0.771,0.3,3.4,3.7,1.3,0.8,0.3,0.7,1.5,10.1
228,David Johnson,SG,20,TOR,2,0,1.0,0.0,0.5,0.0,0.0,0.5,0.0,0.0,0.0,,.000,0.0,0.0,0.766,0.0,0.0,0.0,0.0,0.0,0.0,0.0,0.0,0.0
229,Jalen Johnson,PF,20,ATL,7,0,2.7,0.7,1.4,0.5,0.3,0.6,0.5,0.4,0.9,.500,.600,0.3,0.3,1.0,0.0,0.7,0.7,0.0,0.0,0.0,0.0,0.0,2.0
230,James Johnson,PF,34,BRK,18,2,18.2,2.1,4.4,0.481,0.3,0.9,0.313,1.8,3.5,.524,.513,0.3,0.8,0.429,0.9,3.0,3.9,1.9,0.5,0.4,0.6,2.4,4.8
231,Keldon Johnson,SF,22,SAS,26,26,30.7,5.7,11.9,0.474,1.3,3.0,0.443,4.3,8.9,.485,.531,2.1,3.2,0.651,1.0,5.0,6.1,1.8,0.9,0.2,1.3,1.7,14.7
232,Keon Johnson,SG,19,LAC,5,0,4.6,0.4,1.4,0.286,0.0,0.2,0.0,0.4,1.2,.333,.286,1.0,1.2,0.833,0.2,0.4,0.6,0.4,0.2,0.0,0.2,0.8,1.8
233,Nikola Jokic,C,26,DEN,23,23,32.9,10.4,17.7,0.588,1.7,4.5,0.379,8.7,13.3,.659,.636,4.0,5.3,0.748,2.4,11.2,13.6,7.5,1.3,0.7,3.4,2.5,26.6
234,Damian Jones,C,26,SAC,13,0,8.7,1.0,1.7,0.591,0.1,0.2,0.5,0.9,1.5,.600,.614,0.8,1.2,0.625,1.1,1.8,2.8,0.6,0.1,0.3,0.4,1.2,2.8
235,Derrick Jones Jr,PF,24,CHI,22,2,18.5,2.6,4.5,0.586,0.4,1.1,0.32,2.3,3.4,.676,.626,1.4,1.6,0.833,1.4,2.1,3.5,0.5,0.5,1.0,0.5,2.4,7.0
236,Herb Jones,C,23,NOP,27,18,27.1,2.8,6.1,0.461,0.4,1.1,0.333,2.4,5.0,.489,.491,0.9,1.2,0.781,1.1,2.1,3.3,1.8,1.4,0.9,1.1,3.0,6.9
237,Kai Jones,C,21,CHO,9,0,2.4,0.2,0.4,0.5,0.0,0.1,0.0,0.2,0.3,.667,.500,0.1,0.2,0.5,0.1,0.3,0.4,0.1,0.0,0.0,0.3,0.1,0.6
238,Tre Jones,PG,22,SAS,25,0,11.4,1.7,3.6,0.483,0.0,0.3,0.125,1.7,3.2,.519,.489,0.5,0.5,1.0,0.3,1.3,1.6,1.8,0.4,0.0,0.6,0.7,4.0
239,Tyus Jones,PG,25,MEM,29,10,20.8,3.0,6.3,0.467,1.0,2.4,0.4,2.0,3.9,.509,.543,0.8,0.9,0.88,0.3,2.3,2.6,4.2,0.9,0.1,0.8,0.4,7.7
240,DeAndre Jordan,C,33,LAL,23,16,13.3,2.1,3.2,0.671,0.0,0.0,0.0,2.1,3.2,.671,.671,0.3,0.5,0.583,1.6,4.3,5.8,0.3,0.3,0.9,0.8,1.7,4.6
241,Cory Joseph,PG,30,DET,24,4,21.0,2.1,4.9,0.424,0.5,1.7,0.3,1.6,3.3,.487,.475,1.5,1.8,0.837,0.3,1.5,1.8,3.5,0.8,0.2,1.5,1.5,6.2
242,Georgios Kalaitzakis,SF,23,MIL,9,0,5.3,0.6,1.2,0.455,0.2,0.4,0.5,0.3,0.8,.429,.545,0.4,1.0,0.444,0.4,0.4,0.9,0.0,0.1,0.1,0.4,0.9,1.8
243,Frank Kaminsky,C,28,PHO,9,0,20.1,4.0,7.3,0.545,0.6,1.7,0.333,3.4,5.7,.608,.583,2.0,2.2,0.9,1.2,3.3,4.6,1.4,0.9,0.8,0.6,1.6,10.6
244,Luke Kennard,SG,25,LAC,29,4,28.7,4.0,9.1,0.438,2.7,6.0,0.451,1.3,3.1,.411,.587,0.7,0.7,0.95,0.2,3.3,3.5,2.0,0.7,0.1,0.9,1.5,11.4
245,Louis King,SF,22,SAC,4,0,13.0,1.8,5.5,0.318,1.0,3.5,0.286,0.8,2.0,.375,.409,1.5,1.8,0.857,0.0,1.8,1.8,0.3,0.5,0.0,0.0,1.8,6.0
246,Corey Kispert,SF,22,WAS,25,0,12.8,1.4,3.4,0.417,0.6,2.0,0.275,0.8,1.3,.636,.500,0.5,0.6,0.75,0.4,1.4,1.8,0.6,0.2,0.1,0.4,0.4,3.8
247,Maxi Kleber,PF,30,DAL,19,3,23.2,2.5,5.8,0.427,1.5,4.1,0.359,1.0,1.7,.594,.555,0.9,1.2,0.739,1.2,4.3,5.4,0.9,0.4,0.8,0.6,2.1,7.3
248,Nathan Knight,PF,24,MIN,11,0,3.8,0.5,0.7,0.625,0.0,0.1,0.0,0.5,0.6,.714,.625,1.0,1.3,0.786,0.4,0.8,1.2,0.3,0.1,0.2,0.3,0.5,1.9
249,Kevin Knox,SF,22,NYK,8,0,8.9,1.3,3.3,0.385,1.0,2.4,0.421,0.3,0.9,.286,.538,0.6,1.0,0.625,0.6,1.1,1.8,0.4,0.3,0.0,0.3,0.3,4.1
250,John Konchar,SG,25,MEM,27,0,15.8,1.7,3.0,0.573,0.6,1.3,0.5,1.1,1.8,.625,.677,0.3,0.6,0.5,1.0,2.7,3.7,1.3,0.8,0.2,0.5,1.1,4.4
251,Furkan Korkmaz,SG,24,PHI,27,6,22.2,3.1,8.2,0.374,1.4,4.8,0.295,1.7,3.4,.484,.459,0.9,1.0,0.821,0.3,2.6,2.9,2.4,0.6,0.1,0.9,0.8,8.4
252,Vit Krejci,SG,21,OKC,3,0,3.0,0.0,0.7,0.0,0.0,0.7,0.0,0.0,0.0,,.000,0.7,0.7,1.0,0.0,1.0,1.0,0.0,0.0,0.0,0.3,0.0,0.7
253,Arnoldas Kulboka,F,24,CHO,1,0,3.0,0.0,0.0,0.441,0.0,0.0,0.0,0.0,0.0,,,0.0,0.0,0.766,0.0,0.0,0.0,0.0,0.0,0.0,0.0,0.0,0.0
254,Jonathan Kuminga,SF,19,GSW,18,0,7.2,1.3,2.9,0.462,0.1,0.9,0.125,1.2,2.0,.611,.481,0.6,0.9,0.588,0.4,1.2,1.6,0.3,0.3,0.1,0.5,0.9,3.3
255,Kyle Kuzma,PF,26,WAS,27,27,32.8,4.9,11.5,0.421,2.0,5.7,0.348,2.9,5.8,.494,.508,1.4,2.1,0.679,0.9,7.2,8.1,2.9,0.6,0.7,2.0,2.0,13.1
256,Jeremy Lamb,SF,29,IND,23,0,13.4,2.0,5.4,0.368,1.0,2.9,0.358,1.0,2.5,.379,.464,1.5,1.6,0.946,0.3,2.1,2.4,1.1,0.5,0.3,0.5,1.1,6.6
257,Jock Landale,C,26,SAS,10,0,3.2,1.0,1.5,0.667,0.2,0.5,0.4,0.8,1.0,.800,.733,0.2,0.3,0.667,0.4,0.2,0.6,0.3,0.0,0.2,0.2,0.2,2.4
258,Romeo Langford,SG,22,BOS,22,0,18.3,1.9,4.5,0.424,0.7,1.9,0.39,1.2,2.6,.448,.505,0.4,0.6,0.692,1.0,2.2,3.2,0.6,0.4,0.2,0.5,1.3,5.0
259,Zach LaVine,SF,26,CHI,27,27,35.1,9.5,19.4,0.49,2.9,7.5,0.391,6.6,12.0,.551,.565,4.1,4.8,0.846,0.3,5.0,5.3,4.2,0.5,0.3,2.7,1.6,26.0
260,Jake Layman,SF,27,MIN,10,0,4.6,0.4,1.3,0.308,0.2,0.6,0.333,0.2,0.7,.286,.385,0.0,0.0,0.766,0.1,0.6,0.7,0.1,0.1,0.1,0.2,0.2,1.0
261,Damion Lee,SG,29,GSW,22,0,19.9,2.9,6.9,0.417,1.0,3.2,0.314,1.9,3.7,.506,.490,1.0,1.2,0.852,0.4,2.7,3.0,1.0,0.4,0.1,0.5,1.5,7.8
262,Saben Lee,PG,22,DET,11,0,13.6,1.9,4.8,0.396,0.5,2.2,0.25,1.4,2.6,.517,.453,0.7,1.2,0.615,0.3,1.9,2.2,2.0,1.1,0.3,0.8,0.5,5.1
263,Alex Len,C,28,SAC,21,7,17.0,2.4,4.5,0.526,0.3,0.7,0.4,2.1,3.8,.550,.558,1.1,1.7,0.639,1.2,3.0,4.2,1.0,0.2,1.0,1.1,3.0,6.1
264,Caris LeVert,SG,27,IND,22,22,28.7,6.3,14.7,0.427,1.4,4.6,0.307,4.9,10.1,.482,.475,1.7,2.1,0.809,0.5,2.2,2.7,3.3,0.9,0.5,1.6,1.9,15.7
265,Kira Lewis Jr,PG,20,NOP,24,0,14.2,2.5,6.1,0.404,0.5,2.4,0.224,1.9,3.7,.523,.449,0.4,0.5,0.833,0.4,1.3,1.6,2.0,0.5,0.0,1.1,0.7,5.9
266,Scottie Lewis,G,21,CHO,2,0,3.5,0.0,0.0,0.441,0.0,0.0,0.0,0.0,0.0,,,0.5,1.0,0.5,0.0,0.0,0.0,0.5,0.5,0.0,0.0,0.0,0.5
267,Damian Lillard,PG,31,POR,23,23,36.3,7.3,19.0,0.384,3.0,9.7,0.305,4.3,9.3,.467,.462,4.4,5.0,0.886,0.5,3.7,4.2,7.7,0.6,0.4,2.8,1.3,22.0
268,Nassir Little,SF,21,POR,25,6,23.0,3.1,6.4,0.481,1.0,3.0,0.316,2.1,3.4,.631,.556,1.4,1.9,0.766,1.3,3.9,5.2,0.8,0.7,0.7,0.9,2.0,8.6
269,Kevon Looney,C,25,GSW,28,28,18.5,2.5,4.5,0.543,0.0,0.0,0.0,2.5,4.5,.548,.543,0.9,1.6,0.556,2.3,4.1,6.4,1.3,0.5,0.7,0.6,2.5,5.8
270,Brook Lopez,C,33,MIL,1,1,28.0,3.0,9.0,0.333,2.0,4.0,0.5,1.0,5.0,.200,.444,0.0,0.0,0.766,2.0,3.0,5.0,0.0,1.0,3.0,0.0,3.0,8.0
271,Robin Lopez,C,33,ORL,11,1,14.5,2.7,4.5,0.612,0.0,0.1,0.0,2.7,4.4,.625,.612,1.1,1.8,0.6,2.0,1.3,3.3,1.0,0.0,0.5,0.9,1.5,6.5
272,Didi Louzada,SF,22,NOP,2,0,3.5,0.0,1.5,0.0,0.0,1.5,0.0,0.0,0.0,,.000,0.0,0.0,0.766,1.0,0.0,1.0,0.5,0.0,0.0,0.0,0.0,0.0
273,Kevin Love,PF,33,CLE,22,0,19.8,3.7,8.7,0.427,2.1,5.2,0.412,1.6,3.5,.449,.549,2.5,2.5,0.964,1.0,6.1,7.1,1.9,0.2,0.3,1.2,1.2,12.0
274,Kyle Lowry,PG,35,MIA,27,27,34.3,4.8,11.2,0.43,2.2,6.6,0.335,2.6,4.6,.569,.530,1.9,2.2,0.867,0.5,3.9,4.4,7.9,1.0,0.3,3.1,2.6,13.8
275,Timothe Luwawu-Cabarrot,SF,26,ATL,21,7,11.7,1.3,3.5,0.378,0.9,2.3,0.375,0.5,1.2,.385,.500,0.4,0.4,0.889,0.2,1.1,1.4,0.6,0.3,0.1,0.2,1.3,3.9
276,Trey Lyles,PF,26,DET,26,0,16.3,2.5,6.0,0.426,0.8,2.6,0.309,1.7,3.3,.517,.494,1.7,2.1,0.796,1.3,2.8,4.1,0.7,0.3,0.2,0.9,1.4,7.5
277,Theo Maledon,PG,20,OKC,15,0,11.5,0.7,2.9,0.227,0.2,1.8,0.111,0.5,1.1,.412,.261,0.9,1.0,0.867,0.4,1.2,1.6,1.0,0.3,0.1,1.0,0.8,2.4
278,Sandro Mamukelashvili,PF,22,MIL,15,1,9.1,1.1,2.5,0.432,0.3,0.9,0.357,0.7,1.5,.478,.500,0.1,0.2,0.667,1.1,1.1,2.2,0.5,0.1,0.1,0.2,0.5,2.6
279,Terance Mann,SF,25,LAC,28,4,28.2,3.6,7.7,0.472,1.0,2.8,0.364,2.6,5.0,.532,.537,1.5,1.9,0.788,1.6,3.9,5.5,2.3,0.6,0.1,1.1,2.4,9.8
280,Tre Mann,PG,20,OKC,19,2,16.4,2.8,6.8,0.419,1.0,2.7,0.373,1.8,4.1,.449,.492,0.7,1.1,0.7,0.4,1.5,1.8,0.5,0.6,0.3,0.7,1.7,7.4
281,Boban Marjanovic,C,33,DAL,14,0,6.1,2.2,3.4,0.646,0.1,0.2,0.333,2.1,3.2,.667,.656,0.4,0.9,0.462,0.4,1.5,1.9,0.1,0.0,0.1,0.6,1.1,4.9
282,Lauri Markkanen,PF,24,CLE,21,21,30.2,5.0,11.9,0.422,2.3,6.6,0.348,2.7,5.3,.514,.518,1.7,2.0,0.833,1.0,4.1,5.2,1.3,0.8,0.4,0.8,1.6,14.0
283,Naji Marshall,SF,24,NOP,19,0,11.0,1.0,3.2,0.311,0.2,1.3,0.125,0.8,1.9,.432,.336,1.3,1.5,0.862,0.7,2.1,2.8,1.1,0.4,0.2,1.0,1.1,3.5
284,Caleb Martin,SF,26,MIA,23,2,19.6,2.9,5.9,0.489,0.9,2.3,0.377,2.0,3.6,.561,.563,1.0,1.6,0.639,0.8,2.3,3.2,1.0,0.9,0.6,0.6,1.5,7.6
285,Cody Martin,SF,26,CHO,28,5,27.6,3.4,6.9,0.5,1.2,2.4,0.5,2.3,4.5,.500,.586,1.2,1.6,0.739,1.4,3.1,4.5,2.6,1.4,0.6,0.8,1.8,9.3
286,Kelan Martin,SF,26,IND,23,1,17.6,2.9,6.7,0.431,0.8,2.8,0.292,2.0,3.8,.534,.493,0.3,0.5,0.636,0.7,1.3,2.0,0.9,0.5,0.3,0.6,1.4,6.9
287,Kenyon Martin Jr,SF,21,HOU,27,0,16.7,3.0,5.5,0.537,0.4,1.5,0.293,2.5,4.0,.630,.577,0.9,1.5,0.585,0.7,2.4,3.1,1.1,0.4,0.4,0.4,1.1,7.3
288,Garrison Mathews,SG,25,HOU,15,10,28.6,3.7,8.5,0.43,2.7,7.3,0.367,1.0,1.3,.789,.586,1.9,2.5,0.784,0.7,2.6,3.3,0.5,0.7,0.5,0.3,2.9,11.9
289,Wesley Matthews,SG,35,MIL,4,0,14.0,1.0,2.8,0.364,0.5,2.0,0.25,0.5,0.8,.667,.455,0.0,0.5,0.0,0.3,1.0,1.3,0.3,0.5,0.3,0.5,1.5,2.5
290,Tyrese Maxey,PG,21,PHI,28,28,34.6,6.4,13.4,0.48,1.2,3.2,0.371,5.3,10.2,.514,.524,3.0,3.4,0.875,0.4,3.1,3.5,4.7,0.7,0.6,1.4,2.4,17.0
291,Skylar Mays,SG,24,ATL,7,0,2.7,0.6,0.7,0.8,0.1,0.3,0.5,0.4,0.4,1.000,.900,0.7,0.7,1.0,0.0,0.3,0.3,0.1,0.0,0.0,0.3,0.3,2.0
292,Miles McBride,PG,21,NYK,9,0,3.7,0.6,2.1,0.263,0.2,1.1,0.2,0.3,1.0,.333,.316,0.2,0.2,1.0,0.1,0.6,0.7,0.3,0.2,0.1,0.0,0.3,1.6
293,CJ McCollum,SG,30,POR,24,24,35.3,8.0,18.8,0.424,3.2,8.2,0.393,4.8,10.6,.447,.509,1.5,2.1,0.7,1.1,3.0,4.1,4.5,1.1,0.7,1.9,2.1,20.6
294,TJ McConnell,PG,29,IND,24,6,24.2,3.8,7.5,0.503,0.3,1.0,0.28,3.5,6.5,.538,.522,0.5,0.6,0.8,0.8,2.5,3.3,4.8,1.0,0.4,1.2,1.8,8.4
295,Jaden McDaniels,PF,21,MIN,25,11,25.0,2.5,6.6,0.38,0.8,3.1,0.273,1.7,3.6,.472,.443,0.4,0.6,0.714,1.4,3.0,4.4,0.8,1.0,0.5,0.9,3.6,6.3
296,Jalen McDaniels,SF,24,CHO,23,0,15.8,2.1,4.0,0.527,1.0,2.2,0.44,1.1,1.8,.634,.648,0.7,1.2,0.607,0.6,3.0,3.6,1.0,0.4,0.3,0.7,1.8,5.9
297,Doug McDermott,PF,30,SAS,20,20,25.0,4.3,9.3,0.459,2.1,5.1,0.406,2.2,4.2,.524,.570,0.5,0.7,0.769,0.5,1.9,2.3,1.3,0.2,0.1,0.7,1.4,11.1
298,JaVale McGee,C,34,PHO,27,8,16.0,4.4,6.9,0.642,0.0,0.1,0.25,4.4,6.8,.650,.644,1.4,2.1,0.667,2.6,4.9,7.5,0.6,0.3,0.8,1.6,2.5,10.3
299,Rodney McGruder,SG,30,DET,10,0,6.7,0.8,2.0,0.4,0.2,1.0,0.2,0.6,1.0,.600,.450,0.2,0.2,1.0,0.5,0.8,1.3,0.6,0.0,0.1,0.3,0.4,2.0
300,Alfonzo McKinnie,F,29,CHI,1,0,29.0,2.0,6.0,0.333,2.0,3.0,0.667,0.0,3.0,.000,.500,0.0,0.0,0.766,0.0,0.0,0.0,1.0,0.0,1.0,1.0,2.0,6.0
301,JaQuori McLaughlin,PG,24,DAL,2,0,2.5,0.0,0.5,0.0,0.0,0.0,0.0,0.0,0.5,.000,.000,0.0,0.0,0.766,0.0,0.0,0.0,1.0,0.0,0.0,0.0,0.0,0.0
302,Jordan McLaughlin,PG,25,MIN,18,0,10.9,0.7,2.4,0.295,0.2,1.1,0.2,0.5,1.3,.375,.341,0.5,0.6,0.818,0.2,0.8,0.9,2.1,0.6,0.0,0.7,0.4,2.2
303,Ben McLemore,SG,28,POR,14,0,11.9,1.9,4.3,0.433,1.5,3.6,0.412,0.4,0.6,.556,.608,0.4,0.5,0.857,0.3,0.6,0.9,0.7,0.3,0.0,0.6,1.0,5.6
304,De'Anthony Melton,SG,23,MEM,26,13,24.3,3.8,9.2,0.408,1.7,5.0,0.346,2.0,4.2,.482,.502,0.8,1.1,0.724,0.8,3.2,4.0,2.6,1.6,0.6,1.6,1.6,10.1
305,Sam Merrill,SG,25,MEM,6,0,9.7,1.3,4.0,0.333,1.2,3.8,0.304,0.2,0.2,1.000,.479,0.3,0.7,0.5,0.2,1.0,1.2,0.7,0.0,0.0,0.3,0.5,4.2
306,Chimezie Metu,C,24,SAC,16,11,22.2,3.4,8.1,0.415,1.1,3.9,0.274,2.3,4.3,.544,.481,0.8,1.1,0.706,0.9,5.4,6.3,0.9,0.8,0.9,1.1,1.4,8.6
307,Khris Middleton,SF,30,MIL,21,21,31.0,6.1,14.8,0.412,2.2,6.2,0.351,3.9,8.6,.456,.486,3.4,3.9,0.878,0.6,5.1,5.7,4.9,1.1,0.1,3.1,2.1,17.8
308,Patty Mills,PG,33,BRK,28,14,29.6,4.7,10.4,0.449,3.2,7.1,0.447,1.5,3.3,.452,.601,0.8,0.9,0.875,0.3,1.5,1.8,2.4,0.6,0.3,0.9,1.4,13.3
309,Paul Millsap,PF,36,BRK,21,0,11.2,1.3,3.6,0.355,0.3,1.2,0.24,1.0,2.4,.412,.395,0.6,0.8,0.706,1.2,2.5,3.7,1.0,0.2,0.3,0.5,2.1,3.4
310,Shake Milton,PG,25,PHI,24,5,25.1,4.3,9.5,0.447,0.9,2.9,0.314,3.3,6.6,.506,.496,1.7,1.9,0.87,0.5,2.5,3.0,3.0,0.7,0.4,1.1,2.0,11.1
311,Davion Mitchell,PG,23,SAC,29,1,25.7,3.9,9.8,0.396,1.2,3.9,0.307,2.7,5.9,.456,.458,0.7,1.0,0.667,0.6,2.0,2.6,3.6,0.7,0.2,1.1,2.2,9.7
312,Donovan Mitchell,SG,25,UTA,26,26,32.4,9.2,20.0,0.461,3.2,9.2,0.35,6.0,10.8,.555,.541,3.2,3.6,0.882,0.8,2.8,3.7,5.0,1.7,0.2,3.0,2.4,24.8
313,Evan Mobley,PF,20,CLE,25,25,33.6,5.4,11.5,0.474,0.6,1.7,0.333,4.9,9.8,.498,.498,2.3,3.0,0.773,1.7,6.6,8.3,2.5,0.9,1.8,1.6,2.1,13.8
314,Malik Monk,SG,23,LAL,28,2,23.8,3.6,8.1,0.447,1.7,4.8,0.361,1.9,3.4,.568,.553,0.7,0.9,0.8,0.4,2.4,2.8,2.2,0.7,0.3,1.3,1.5,9.7
315,Moses Moody,SG,19,GSW,18,0,5.3,0.6,1.6,0.379,0.1,0.8,0.133,0.5,0.8,.643,.414,0.1,0.1,0.5,0.1,0.6,0.6,0.2,0.1,0.1,0.1,0.2,1.4
316,Ja Morant,PG,22,MEM,19,19,32.6,8.9,18.8,0.476,1.6,4.6,0.356,7.3,14.2,.515,.520,4.6,5.9,0.777,1.3,4.3,5.6,6.8,1.6,0.3,3.2,1.3,24.1
317,Marcus Morris,PF,32,LAC,13,13,29.7,5.2,12.1,0.433,2.0,5.4,0.371,3.2,6.7,.483,.516,1.3,1.7,0.773,0.5,4.3,4.8,1.9,0.5,0.3,1.4,2.2,13.8
318,Markieff Morris,PF,32,MIA,10,0,18.7,3.2,7.0,0.457,0.8,2.2,0.364,2.4,4.8,.500,.514,0.5,0.5,1.0,1.3,1.5,2.8,1.4,0.3,0.1,1.2,2.2,7.7
319,Monte Morris,PG,26,DEN,28,28,30.4,5.4,11.1,0.484,1.6,4.4,0.369,3.8,6.7,.559,.556,0.5,0.6,0.722,0.2,2.5,2.7,4.3,0.8,0.2,1.4,1.5,12.8
320,Mychal Mulder,PG,27,ORL,13,1,11.1,1.2,4.1,0.302,0.8,2.8,0.306,0.4,1.3,.294,.406,0.2,0.2,1.0,0.2,1.0,1.2,0.1,0.2,0.1,0.3,0.7,3.5
321,Trey Murphy III,SF,21,NOP,28,0,13.7,1.5,4.0,0.363,1.1,3.0,0.373,0.4,1.1,.333,.500,0.4,0.4,0.833,0.6,1.5,2.2,0.5,0.3,0.1,0.4,1.1,4.4
322,Dejounte Murray,PG,25,SAS,27,27,34.3,7.4,16.9,0.441,1.4,4.0,0.339,6.1,12.9,.473,.481,1.5,2.1,0.702,1.0,7.3,8.3,8.4,1.9,0.4,2.4,2.0,17.7
323,Mike Muscala,C,30,OKC,21,0,14.0,2.7,5.7,0.467,1.7,3.8,0.443,1.0,2.0,.512,.613,1.4,1.7,0.833,0.5,2.7,3.2,0.5,0.3,0.5,0.4,1.2,8.4
324,Svi Mykhailiuk,SF,24,TOR,28,4,17.9,2.5,5.8,0.423,1.1,3.3,0.33,1.4,2.6,.542,.515,0.8,0.9,0.875,0.6,2.0,2.5,1.1,0.7,0.1,0.8,1.4,6.8
325,Abdel Nader,SF,28,PHO,14,0,10.4,0.9,2.5,0.343,0.3,1.0,0.286,0.6,1.5,.381,.400,0.4,0.7,0.6,0.3,1.6,1.9,0.5,0.6,0.3,0.8,1.4,2.4
326,Larry Nance Jr,PF,29,POR,29,3,21.2,2.6,4.9,0.517,0.4,1.6,0.277,2.1,3.3,.635,.563,0.8,1.3,0.579,1.5,3.8,5.3,1.7,0.9,0.3,0.8,1.5,6.3
327,RJ Nembhard,SG,22,CLE,2,0,1.5,0.5,0.5,1.0,0.0,0.0,0.0,0.5,0.5,1.000,1.000,0.0,0.0,0.766,0.0,0.5,0.5,0.5,0.0,0.0,0.0,0.0,1.0
328,Aaron Nesmith,SF,22,BOS,23,0,9.6,1.1,3.1,0.347,0.5,2.1,0.245,0.6,1.0,.565,.431,0.2,0.2,0.8,0.3,1.2,1.5,0.4,0.3,0.0,0.5,1.3,2.9
329,Raul Neto,PG,29,WAS,28,0,19.8,3.0,6.7,0.449,0.4,1.7,0.255,2.6,5.0,.514,.481,1.1,1.6,0.727,0.1,1.9,2.0,2.5,0.8,0.0,1.2,1.5,7.6
330,Georges Niang,PF,28,PHI,28,5,23.6,3.8,8.5,0.441,1.9,5.1,0.38,1.8,3.4,.531,.555,1.0,1.1,0.871,0.2,2.3,2.5,1.5,0.6,0.3,0.8,2.5,10.4
331,Daishen Nix,SG,19,HOU,1,0,2.0,0.0,0.0,0.441,0.0,0.0,0.0,0.0,0.0,,,0.0,0.0,0.766,0.0,0.0,0.0,1.0,0.0,0.0,0.0,0.0,0.0
332,Zeke Nnaji,PF,21,DEN,16,0,14.8,2.2,4.5,0.486,1.2,2.3,0.528,1.0,2.3,.444,.618,0.9,1.4,0.652,1.1,2.4,3.4,0.4,0.1,0.4,0.4,1.6,6.5
333,Nerlens Noel,C,27,NYK,14,7,23.4,1.4,2.9,0.5,0.0,0.1,0.0,1.4,2.7,.526,.500,0.9,1.1,0.813,2.4,3.6,5.9,0.8,1.1,1.3,0.9,2.6,3.8
334,Jaylen Nowell,SG,22,MIN,14,0,6.9,1.3,3.4,0.375,0.3,1.0,0.286,1.0,2.4,.412,.417,0.1,0.3,0.5,0.2,0.6,0.9,1.1,0.2,0.3,0.1,0.4,3.0
335,Frank Ntilikina,PG,23,DAL,21,0,11.9,1.4,4.0,0.349,0.7,2.1,0.333,0.7,1.8,.368,.440,0.6,0.6,1.0,0.1,1.4,1.5,1.2,0.6,0.1,0.5,1.0,4.0
336,Jusuf Nurkic,C,27,POR,29,29,25.4,5.1,8.9,0.574,0.2,0.8,0.217,4.9,8.1,.609,.583,3.0,4.0,0.744,2.4,7.8,10.3,2.4,1.1,0.5,2.1,3.1,13.4
337,David Nwaba,SF,29,HOU,20,0,11.6,1.7,3.5,0.471,0.2,0.9,0.167,1.5,2.6,.577,.493,0.8,1.2,0.652,0.8,2.5,3.2,0.7,0.6,0.3,0.5,1.2,4.2
338,Jordan Nwora,SF,23,MIL,24,1,17.1,2.6,6.6,0.39,1.1,3.4,0.333,1.5,3.3,.449,.475,0.5,0.5,0.846,0.5,2.7,3.2,1.0,0.3,0.4,1.1,0.9,6.8
339,Royce O'Neale,SF,28,UTA,25,25,30.8,2.8,5.7,0.5,1.6,3.9,0.402,1.3,1.8,.711,.637,0.5,0.8,0.684,0.9,4.0,5.0,2.4,1.5,0.7,1.1,2.2,7.8
340,Semi Ojeleye,PF,27,MIL,11,0,19.8,1.1,4.3,0.255,0.5,2.5,0.214,0.5,1.7,.316,.319,0.3,0.5,0.6,1.9,1.7,3.6,0.4,0.4,0.5,0.5,1.5,3.0
341,Chuma Okeke,PF,23,ORL,23,1,21.2,2.3,6.9,0.342,0.7,3.3,0.208,1.7,3.5,.469,.392,1.1,1.3,0.862,0.7,3.3,4.0,1.2,0.8,0.3,1.0,1.2,6.5
342,Josh Okogie,SG,23,MIN,19,5,13.9,0.8,2.5,0.333,0.3,1.1,0.25,0.6,1.5,.393,.385,0.6,1.2,0.5,0.9,1.3,2.2,0.9,0.6,0.3,0.5,1.4,2.5
343,Isaac Okoro,SF,21,CLE,23,19,28.8,3.4,7.7,0.444,1.0,3.2,0.301,2.5,4.6,.543,.506,1.5,2.0,0.761,1.3,2.7,4.0,1.7,0.9,0.3,1.1,2.3,9.3
344,KZ Okpala,PF,22,MIA,16,0,10.2,1.0,2.6,0.381,0.4,1.4,0.273,0.6,1.3,.500,.452,0.4,0.5,0.75,0.4,1.5,1.9,0.6,0.2,0.3,0.2,1.1,2.8
345,Kelly Olynyk,C,30,DET,10,1,23.0,4.5,9.8,0.459,1.4,4.1,0.341,3.1,5.7,.544,.531,2.1,3.5,0.6,1.3,4.0,5.3,2.3,1.4,0.7,1.5,2.7,12.5
346,Eugene Omoruyi,SF,24,DAL,4,0,4.5,0.5,1.3,0.4,0.3,0.5,0.5,0.3,0.8,.333,.500,0.5,1.0,0.5,0.5,1.3,1.8,0.5,0.0,0.0,0.0,0.5,1.8
347,Miye Oni,SG,24,UTA,14,0,2.9,0.1,0.5,0.286,0.1,0.4,0.167,0.1,0.1,1.000,.357,0.0,0.1,0.0,0.0,0.4,0.4,0.4,0.0,0.0,0.1,0.4,0.4
348,Cedi Osman,SF,26,CLE,24,0,21.9,3.8,8.6,0.447,2.3,5.6,0.4,1.6,3.0,.535,.578,1.0,1.5,0.676,0.3,2.1,2.5,1.8,1.0,0.3,1.0,1.8,11.0
349,Kelly Oubre Jr,SF,26,CHO,30,9,29.1,6.2,13.4,0.46,2.9,7.6,0.386,3.2,5.8,.557,.570,1.3,2.1,0.629,1.2,2.9,4.1,1.4,1.1,0.3,1.1,2.6,16.6
350,Kevin Pangos,PG,29,CLE,11,0,4.2,0.4,0.8,0.444,0.2,0.5,0.4,0.2,0.4,.500,.556,0.1,0.2,0.5,0.1,0.1,0.2,0.6,0.1,0.0,0.4,0.5,1.0
351,Jabari Parker,PF,26,BOS,9,0,9.3,1.6,3.0,0.519,0.6,1.0,0.556,1.0,2.0,.500,.611,0.9,0.9,1.0,0.4,1.8,2.2,0.4,0.3,0.1,0.6,1.2,4.6
352,Eric Paschall,PF,25,UTA,23,0,10.6,1.1,2.7,0.419,0.5,1.7,0.3,0.6,1.0,.636,.516,0.6,0.8,0.684,0.6,1.2,1.8,0.6,0.1,0.1,0.5,0.7,3.3
353,Chris Paul,PG,36,PHO,27,27,32.7,5.3,11.2,0.474,1.0,2.9,0.333,4.3,8.3,.522,.517,3.0,3.7,0.818,0.3,3.7,4.0,10.3,2.0,0.3,2.4,2.2,14.6
354,Cameron Payne,PG,27,PHO,22,0,19.5,3.8,9.8,0.384,1.1,3.5,0.316,2.7,6.4,.421,.440,1.8,2.2,0.833,0.5,2.5,3.0,3.2,0.5,0.3,1.8,1.8,10.5
355,Elfrid Payton,PG,27,PHO,13,0,11.8,1.7,4.2,0.4,0.1,0.3,0.25,1.6,3.9,.412,.409,0.4,0.8,0.5,0.6,1.5,2.1,2.3,0.4,0.2,0.8,0.8,3.8
356,Gary Payton II,PG,29,GSW,27,1,14.2,2.6,3.8,0.67,0.6,1.3,0.417,2.0,2.5,.806,.743,0.7,1.1,0.655,1.0,2.0,3.0,0.7,1.2,0.3,0.5,1.6,6.4
357,Jamorko Pickett,PF,24,DET,3,0,3.0,0.3,0.3,1.0,0.3,0.3,1.0,0.0,0.0,,1.500,0.0,0.0,0.766,0.0,0.0,0.0,0.0,0.0,0.0,0.3,0.0,1.0
358,Mason Plumlee,C,31,CHO,21,21,26.0,2.9,4.9,0.598,0.0,0.0,0.0,2.9,4.9,.598,.598,0.9,2.6,0.352,2.5,4.7,7.2,2.8,0.9,1.0,1.3,3.0,6.7
359,Jakob Poeltl,C,26,SAS,20,19,28.7,5.7,9.1,0.624,0.0,0.0,0.0,5.7,9.1,.624,.624,1.0,2.6,0.365,4.2,4.6,8.8,2.6,0.5,1.6,1.6,3.0,12.3
360,Aleksej Pokusevski,PF,20,OKC,26,0,14.8,1.9,5.6,0.338,0.5,2.5,0.2,1.4,3.1,.450,.383,0.2,0.5,0.5,1.0,3.3,4.3,1.2,0.5,0.5,1.2,1.2,4.5
361,Yves Pons,SF,22,MEM,3,0,3.7,0.3,1.0,0.333,0.3,0.3,1.0,0.0,0.7,.000,.500,0.0,0.0,0.766,0.3,0.7,1.0,0.0,0.0,0.0,0.0,0.0,1.0
362,Jordan Poole,SG,22,GSW,28,28,30.7,6.2,14.0,0.442,2.6,7.8,0.338,3.5,6.1,.576,.537,2.9,3.1,0.909,0.3,3.1,3.4,3.4,1.0,0.2,2.5,2.9,17.9
363,Kevin Porter Jr,PG,21,HOU,19,19,30.2,4.4,12.2,0.358,1.8,5.8,0.309,2.6,6.4,.402,.431,2.3,3.7,0.629,0.8,3.6,4.4,5.8,1.3,0.3,4.0,2.3,12.8
364,Michael Porter Jr,SF,23,DEN,9,9,29.4,4.1,11.4,0.359,1.1,5.3,0.208,3.0,6.1,.491,.408,0.6,1.0,0.556,1.0,5.6,6.6,1.9,1.1,0.2,1.3,1.8,9.9
365,Otto Porter,PF,28,GSW,24,0,19.6,2.6,5.9,0.444,1.6,4.0,0.402,1.0,1.9,.533,.581,0.6,0.8,0.789,0.8,3.9,4.7,1.0,0.8,0.3,0.6,1.4,7.5
366,Bobby Portis,C,26,MIL,25,21,28.4,6.0,12.6,0.473,1.9,4.7,0.402,4.1,7.9,.515,.548,1.8,2.3,0.793,2.8,6.2,9.0,1.4,0.9,1.0,1.6,2.5,15.6
367,Kristaps Porzingis,PF,26,DAL,21,21,30.2,7.1,16.0,0.443,1.6,5.6,0.288,5.5,10.4,.528,.494,3.9,4.3,0.89,2.2,5.9,8.1,2.0,0.7,1.6,1.4,2.5,19.7
368,Dwight Powell,C,30,DAL,28,25,19.1,2.1,3.6,0.569,0.3,0.7,0.35,1.8,2.9,.622,.603,1.1,1.5,0.698,1.9,2.5,4.4,1.1,0.4,0.5,0.7,2.4,5.5
369,Norman Powell,SF,28,POR,25,25,31.4,6.0,13.0,0.466,2.0,5.0,0.403,4.0,8.0,.505,.543,3.8,4.6,0.825,0.3,2.4,2.7,1.9,0.9,0.4,1.4,2.1,17.8
370,Joshua Primo,SG,19,SAS,8,0,7.4,0.8,1.4,0.545,0.5,1.0,0.5,0.3,0.4,.667,.727,0.0,0.0,0.766,0.1,0.6,0.8,0.5,0.4,0.5,0.0,0.5,2.0
371,Taurean Prince,PF,27,MIN,24,8,15.4,1.5,4.2,0.366,0.9,2.8,0.309,0.7,1.4,.485,.470,0.7,0.9,0.762,0.5,1.6,2.1,0.8,0.4,0.2,0.5,1.5,4.6
372,Payton Pritchard,SG,24,BOS,22,0,9.2,0.9,3.2,0.271,0.7,2.1,0.319,0.2,1.0,.174,.379,0.2,0.2,1.0,0.3,0.8,1.1,1.4,0.0,0.1,0.6,0.7,2.6
373,Immanuel Quickley,PG,22,NYK,28,1,21.5,3.2,8.4,0.381,1.6,5.1,0.322,1.6,3.3,.473,.479,1.6,1.7,0.938,0.4,1.9,2.3,2.5,0.6,0.0,1.0,2.1,9.7
374,Jahmi'us Ramsey,SG,20,SAC,7,0,6.6,0.7,2.0,0.357,0.1,0.9,0.167,0.6,1.1,.500,.393,0.3,0.6,0.5,0.0,0.0,0.0,0.3,0.0,0.1,0.0,0.4,1.9
375,Julius Randle,PF,27,NYK,28,28,35.4,7.0,16.4,0.428,1.8,5.3,0.342,5.2,11.0,.469,.484,3.7,4.8,0.77,1.8,8.1,9.9,5.2,0.8,0.7,3.4,2.8,19.5
376,Austin Reaves,SG,23,LAL,17,0,19.7,2.0,4.0,0.5,0.9,2.4,0.39,1.1,1.6,.667,.618,0.9,1.0,0.882,0.3,2.2,2.5,1.1,0.2,0.1,0.7,1.7,5.8
377,Cam Reddish,SF,22,ATL,24,0,22.6,3.8,9.3,0.406,1.6,4.3,0.375,2.2,5.0,.433,.493,2.0,2.3,0.907,0.8,1.9,2.7,0.9,1.1,0.2,1.2,1.3,11.3
378,Davon Reed,SG,26,DEN,6,2,16.5,1.2,3.2,0.368,0.5,1.3,0.375,0.7,1.8,.364,.447,0.3,0.3,1.0,0.3,3.5,3.8,1.3,1.5,0.2,0.3,1.2,3.2
379,Paul Reed,C,22,PHI,15,2,9.5,1.2,2.5,0.486,0.0,0.3,0.0,1.2,2.2,.545,.486,0.0,0.0,0.766,1.1,1.5,2.5,0.5,0.6,0.6,0.4,1.4,2.4
380,Naz Reid,C,22,MIN,26,1,16.0,3.2,7.0,0.459,0.9,2.5,0.354,2.3,4.5,.517,.522,1.5,2.2,0.714,1.3,2.1,3.4,0.7,0.5,0.9,1.0,2.4,8.9
381,Nick Richards,C,24,CHO,24,5,9.0,1.5,2.1,0.686,0.0,0.0,0.0,1.5,2.1,.686,.686,0.6,0.8,0.833,0.9,1.1,2.0,0.3,0.2,0.5,0.5,1.4,3.5
382,Josh Richardson,SG,28,BOS,20,0,24.4,3.6,7.7,0.464,1.2,3.3,0.354,2.4,4.4,.545,.539,1.4,1.7,0.824,0.7,2.2,2.8,1.3,0.6,0.5,0.7,1.9,9.7
383,Austin Rivers,SG,29,DEN,18,3,17.4,1.5,4.3,0.346,0.7,2.7,0.271,0.8,1.7,.467,.429,0.2,0.3,0.5,0.4,1.1,1.4,0.8,0.5,0.1,0.6,1.2,3.9
384,Duncan Robinson,SG,27,MIA,29,29,28.4,3.9,10.4,0.377,2.9,8.6,0.337,1.0,1.8,.566,.517,0.7,0.9,0.769,0.4,3.2,3.6,1.4,0.8,0.2,0.8,2.8,11.4
385,Justin Robinson,PG,24,MIL,17,0,11.6,1.1,3.4,0.316,0.6,2.2,0.27,0.5,1.2,.400,.404,0.1,0.1,1.0,0.1,0.6,0.8,1.2,0.5,0.0,0.6,1.0,2.8
386,Mitchell Robinson,C,23,NYK,25,20,24.0,2.7,3.6,0.736,0.0,0.0,0.0,2.7,3.6,.736,.736,1.3,2.1,0.635,3.0,4.5,7.5,0.6,0.4,1.7,0.6,2.6,6.7
387,Jeremiah Robinson-Earl,C,21,OKC,27,19,21.9,2.6,6.3,0.412,1.1,3.2,0.333,1.5,3.1,.494,.497,0.7,0.9,0.72,1.7,4.1,5.7,0.8,0.5,0.3,0.9,1.5,6.9
388,Isaiah Roby,PF,23,OKC,13,1,12.6,2.5,4.8,0.516,0.4,1.2,0.333,2.1,3.6,.574,.556,1.1,1.3,0.824,1.1,1.6,2.7,0.8,0.2,0.4,0.7,1.2,6.4
389,Rajon Rondo,PG,35,LAL,14,0,14.9,1.4,4.5,0.317,0.5,1.8,0.28,0.9,2.7,.342,.373,0.0,0.0,0.766,0.6,1.9,2.4,3.6,0.8,0.2,1.6,1.4,3.4
390,Derrick Rose,PG,33,NYK,25,3,25.0,4.9,10.9,0.449,1.5,3.6,0.407,3.4,7.2,.470,.517,1.2,1.2,0.968,0.8,2.3,3.1,4.1,0.9,0.5,1.6,0.6,12.4
391,Terrence Ross,SG,30,ORL,28,0,25.5,3.7,9.4,0.394,1.4,4.7,0.29,2.4,4.8,.496,.466,2.3,2.7,0.853,0.4,2.1,2.4,2.2,0.6,0.2,1.6,1.3,11.1
392,Terry Rozier,SG,27,CHO,21,21,32.6,6.5,15.0,0.435,2.6,7.2,0.355,4.0,7.8,.509,.521,2.0,2.4,0.84,0.6,2.8,3.4,3.6,1.2,0.5,1.4,1.4,17.6
393,Ricky Rubio,PG,31,CLE,30,5,28.3,4.2,11.6,0.358,1.7,5.0,0.34,2.5,6.6,.372,.431,2.6,3.1,0.848,0.4,3.5,3.9,6.5,1.3,0.1,2.6,2.3,12.6
394,D'Angelo Russell,PG,25,MIN,23,23,32.8,6.5,16.7,0.387,2.9,8.8,0.332,3.6,8.0,.448,.474,3.0,3.7,0.81,0.5,3.6,4.1,6.4,0.9,0.7,2.6,2.1,18.8
395,Domantas Sabonis,C,25,IND,30,29,34.2,7.1,12.0,0.591,0.7,2.5,0.297,6.3,9.5,.667,.621,3.6,4.8,0.757,3.4,8.5,11.9,4.1,1.1,0.4,3.0,3.2,18.5
396,Tomas Satoransky,SG,30,NOP,25,3,15.0,1.0,3.1,0.321,0.1,0.8,0.143,0.9,2.3,.386,.340,0.6,0.7,0.778,0.6,1.4,2.0,2.0,0.3,0.0,0.7,1.2,2.7
397,Dennis Schroder,SG,28,BOS,27,17,33.1,6.2,14.1,0.438,1.6,4.6,0.336,4.6,9.5,.488,.493,3.2,3.6,0.896,0.6,2.9,3.6,4.8,0.9,0.1,2.6,2.4,17.1
398,Jay Scrubb,SG,21,LAC,8,0,6.5,1.4,3.5,0.393,0.5,1.8,0.286,0.9,1.8,.500,.464,0.1,0.3,0.5,0.0,0.5,0.5,0.5,0.3,0.3,0.4,0.4,3.4
399,Wayne Selden,SG,27,NYK,1,0,1.0,0.0,0.0,0.441,0.0,0.0,0.0,0.0,0.0,,,0.0,0.0,0.766,0.0,0.0,0.0,0.0,0.0,0.0,0.0,0.0,0.0
400,Alperen Sengun,C,19,HOU,27,2,18.5,3.2,6.4,0.5,0.4,1.2,0.313,2.9,5.3,.542,.529,2.7,3.7,0.72,1.6,3.2,4.8,2.7,1.1,0.7,1.7,3.0,9.5
401,Collin Sexton,SG,23,CLE,11,11,28.7,6.2,13.7,0.45,1.0,4.1,0.244,5.2,9.6,.538,.487,2.6,3.5,0.744,1.2,2.1,3.3,2.1,0.9,0.0,2.8,2.3,16.0
402,Landry Shamet,SG,24,PHO,26,6,20.4,2.5,6.8,0.365,1.7,4.5,0.379,0.8,2.4,.339,.489,1.1,1.3,0.848,0.2,2.2,2.4,1.7,0.3,0.1,0.5,1.2,7.8
403,Day'Ron Sharpe,PF,20,BRK,9,0,5.4,1.3,2.2,0.6,0.1,0.3,0.333,1.2,1.9,.647,.625,0.3,1.0,0.333,1.3,1.3,2.7,0.0,0.2,0.3,0.9,0.7,3.1
404,Pascal Siakam,PF,27,TOR,17,17,34.5,7.4,15.6,0.47,1.1,3.5,0.3,6.3,12.1,.519,.504,3.4,4.5,0.74,1.9,5.7,7.6,3.7,0.6,0.8,2.2,3.3,19.1
405,Marko Simonovic,C,22,CHI,3,0,4.0,0.0,1.7,0.0,0.0,1.0,0.0,0.0,0.7,.000,.000,1.0,1.3,0.75,0.3,0.3,0.7,0.0,0.0,0.0,0.3,0.0,1.0
406,Anfernee Simons,SG,22,POR,25,3,24.0,4.8,10.7,0.446,2.2,5.7,0.394,2.5,5.0,.504,.551,1.0,1.1,0.926,0.6,2.1,2.7,2.1,0.4,0.2,1.1,1.8,12.8
407,Jericho Sims,PF,23,NYK,9,0,6.4,0.3,0.3,1.0,0.0,0.0,0.0,0.3,0.3,1.000,1.000,0.3,0.4,0.75,0.3,1.3,1.7,0.1,0.2,0.4,0.2,0.4,1.0
408,Javonte Smart,PG,22,MIL,7,0,11.6,1.3,3.1,0.409,0.6,1.6,0.364,0.7,1.6,.455,.500,0.7,0.9,0.833,0.6,1.4,2.0,0.9,0.3,0.0,0.6,0.9,3.9
409,Marcus Smart,PG,27,BOS,27,27,34.1,3.8,10.0,0.378,1.3,4.7,0.273,2.5,5.3,.472,.443,1.9,2.4,0.758,0.6,3.3,3.9,5.6,2.1,0.3,1.9,2.3,10.7
410,Dennis Smith Jr,PG,24,POR,16,3,17.4,2.1,5.0,0.425,0.3,1.1,0.278,1.8,3.9,.468,.456,1.2,1.7,0.704,0.4,1.9,2.3,3.1,1.3,0.4,1.8,1.4,5.8
411,Ish Smith,PG,33,CHO,18,1,13.6,2.2,5.3,0.417,0.2,0.3,0.5,2.1,5.0,.411,.432,0.2,0.4,0.375,0.1,1.2,1.3,2.4,0.4,0.2,0.9,0.7,4.8
412,Jalen Smith,PF,21,PHO,8,0,7.1,1.3,2.8,0.455,0.1,1.0,0.125,1.1,1.8,.643,.477,0.8,0.9,0.857,0.8,2.3,3.0,0.1,0.3,0.4,0.3,0.8,3.4
413,Tony Snell,SG,30,POR,22,3,12.0,0.7,2.1,0.326,0.5,1.6,0.306,0.2,0.5,.400,.446,0.1,0.1,1.0,0.1,1.2,1.4,0.7,0.2,0.1,0.2,1.0,2.0
414,Jaden Springer,SG,19,PHI,1,0,2.0,0.0,0.0,0.441,0.0,0.0,0.0,0.0,0.0,,,0.0,0.0,0.766,0.0,0.0,0.0,0.0,0.0,0.0,0.0,0.0,0.0
415,Lamar Stevens,PF,24,CLE,19,0,10.6,1.1,2.8,0.389,0.4,1.1,0.4,0.7,1.8,.382,.463,0.2,0.4,0.571,0.6,1.2,1.8,0.3,0.2,0.2,0.3,1.2,2.8
416,Isaiah Stewart,C,20,DET,24,24,25.9,3.3,6.1,0.544,0.0,0.5,0.083,3.3,5.6,.585,.548,0.8,1.2,0.69,2.5,5.6,8.0,1.2,0.5,1.2,1.0,2.6,7.5
417,Max Strus,SF,25,MIA,22,0,20.1,2.9,6.7,0.432,1.9,4.9,0.383,1.0,1.9,.561,.571,0.6,0.9,0.737,0.3,2.7,3.0,1.0,0.4,0.1,0.6,1.4,8.3
418,Jalen Suggs,PG,20,ORL,21,21,27.8,4.1,12.2,0.339,1.2,4.9,0.255,2.9,7.4,.394,.389,2.8,3.6,0.763,0.8,2.6,3.4,3.6,1.1,0.4,3.2,2.8,12.3
419,Jae'Sean Tate,SF,26,HOU,28,28,28.1,4.7,9.6,0.487,0.8,2.6,0.311,3.9,7.0,.554,.530,1.8,2.5,0.729,1.9,4.1,5.9,3.0,1.0,0.7,1.9,3.4,12.0
420,Jayson Tatum,SF,23,BOS,28,28,36.3,9.3,21.9,0.423,2.9,8.4,0.339,6.4,13.4,.476,.489,4.8,6.0,0.808,1.1,7.5,8.6,3.6,1.0,0.8,2.8,2.4,26.2
421,Garrett Temple,SG,35,NOP,28,9,18.5,1.9,4.8,0.391,1.1,2.9,0.378,0.8,1.8,.412,.508,0.7,0.9,0.792,0.7,2.1,2.8,1.0,0.9,0.5,0.8,1.7,5.5
422,Daniel Theis,C,29,HOU,19,17,22.3,3.2,6.6,0.48,0.8,2.9,0.286,2.3,3.6,.638,.544,1.0,1.4,0.731,1.1,3.8,4.9,0.8,0.4,0.6,1.3,2.4,8.2
423,Brodric Thomas,SG,25,BOS,3,0,1.3,0.0,0.0,0.441,0.0,0.0,0.0,0.0,0.0,,,0.0,0.0,0.766,0.3,0.0,0.3,0.0,0.0,0.0,0.3,0.0,0.0
424,Cameron Thomas,SG,20,BRK,21,0,14.1,2.1,5.6,0.381,0.5,2.3,0.208,1.7,3.3,.500,.424,0.7,0.9,0.778,0.2,1.5,1.7,0.9,0.4,0.1,0.3,0.5,5.4
425,Matt Thomas,SG,27,CHI,8,0,6.1,0.6,2.4,0.263,0.3,1.1,0.222,0.4,1.3,.300,.316,0.0,0.0,0.766,0.0,0.6,0.6,0.0,0.3,0.1,0.0,0.4,1.5
426,Tristan Thompson,PF,30,SAC,21,0,14.5,2.6,4.8,0.545,0.0,0.0,0.0,2.6,4.8,.545,.545,1.3,2.4,0.56,2.7,2.9,5.6,0.5,0.3,0.4,0.9,1.7,6.6
427,JT Thor,PF,19,CHO,7,0,13.6,1.1,3.1,0.364,0.4,2.0,0.214,0.7,1.1,.625,.432,0.4,0.9,0.5,0.6,1.1,1.7,0.9,0.6,0.4,0.3,1.7,3.1
428,Matisse Thybulle,SG,24,PHI,22,8,24.4,2.2,4.8,0.457,0.7,2.4,0.283,1.5,2.4,.635,.529,0.3,0.4,0.875,0.5,1.7,2.1,1.0,1.7,1.2,1.0,2.1,5.4
429,Killian Tillie,C,23,MEM,15,0,10.4,1.3,3.2,0.396,0.8,2.2,0.364,0.5,1.0,.467,.521,0.1,0.3,0.5,0.5,0.7,1.3,0.5,0.5,0.5,0.3,1.3,3.5
430,Xavier Tillman Sr,PF,23,MEM,22,0,14.6,2.0,4.4,0.454,0.3,1.2,0.222,1.7,3.2,.543,.485,1.0,1.5,0.647,1.3,1.9,3.2,1.4,1.2,0.5,0.7,1.5,5.3
431,Isaiah Todd,PF,20,WAS,5,0,2.8,0.8,2.0,0.4,0.8,1.4,0.571,0.0,0.6,.000,.600,0.2,0.4,0.5,0.2,0.2,0.4,0.0,0.4,0.2,0.2,0.2,2.6
432,Obi Toppin,PF,23,NYK,26,0,15.9,3.4,6.4,0.53,0.3,1.8,0.196,3.0,4.6,.658,.557,1.6,2.0,0.788,1.2,2.7,3.9,0.9,0.3,0.6,0.9,1.5,8.7
433,Juan Toscano-Anderson,SF,28,GSW,27,1,16.0,1.9,3.7,0.515,0.3,1.2,0.273,1.6,2.4,.636,.561,0.6,1.0,0.654,0.6,2.2,2.8,2.2,0.6,0.4,1.1,1.5,4.7
434,Karl-Anthony Towns,C,26,MIN,27,27,34.5,8.6,17.0,0.508,2.4,5.8,0.423,6.2,11.2,.551,.580,4.6,5.6,0.821,2.9,6.1,9.0,3.3,1.1,1.1,3.5,3.7,24.3
435,Gary Trent Jr,SG,23,TOR,26,25,34.8,6.3,14.7,0.433,2.8,7.2,0.383,3.6,7.4,.482,.528,1.6,1.8,0.891,0.4,2.7,3.2,2.0,2.1,0.3,0.9,2.1,17.0
436,PJ Tucker,PF,36,MIA,29,29,28.4,2.9,5.8,0.503,1.2,2.7,0.456,1.7,3.1,.544,.609,0.5,0.6,0.824,1.7,4.1,5.7,2.1,0.7,0.3,0.9,2.4,7.6
437,Myles Turner,C,25,IND,29,29,29.6,4.6,9.0,0.51,1.8,4.8,0.374,2.8,4.2,.664,.609,1.9,2.5,0.74,1.5,6.0,7.4,1.0,0.6,2.9,1.3,2.5,12.8
438,Jonas Valanciunas,C,29,NOP,30,30,31.3,7.2,13.9,0.522,1.1,2.4,0.465,6.1,11.5,.533,.561,3.2,3.9,0.819,3.6,8.5,12.1,2.4,0.6,0.9,2.2,3.1,18.7
439,Denzel Valentine,SG,28,CLE,18,0,6.4,0.6,2.1,0.289,0.4,1.4,0.32,0.2,0.7,.231,.395,0.0,0.0,0.766,0.3,0.7,1.0,0.3,0.3,0.0,0.4,0.6,1.7
440,Jarred Vanderbilt,PF,22,MIN,27,20,24.1,2.6,4.6,0.561,0.1,0.3,0.222,2.5,4.2,.588,.569,1.0,1.3,0.771,3.0,5.2,8.2,1.2,1.5,0.7,1.0,2.8,6.2
441,Fred VanVleet,PG,27,TOR,27,27,38.0,7.0,16.2,0.43,3.3,8.5,0.389,3.7,7.7,.476,.532,2.6,3.0,0.864,0.7,4.3,5.0,6.5,1.6,0.6,3.1,2.6,19.8
442,Devin Vassell,SF,21,SAS,22,0,24.3,4.3,9.3,0.459,1.6,4.5,0.364,2.6,4.8,.547,.546,1.0,1.3,0.724,0.6,3.1,3.7,1.4,1.1,0.8,0.6,2.0,11.1
443,Gabe Vincent,PG,25,MIA,26,4,19.0,2.7,5.9,0.448,1.4,3.7,0.389,1.2,2.3,.542,.568,0.6,0.8,0.762,0.5,1.3,1.7,2.6,0.7,0.2,1.4,2.1,7.3
444,Nikola Vucevic,C,31,CHI,20,20,33.2,6.2,15.4,0.404,1.6,4.7,0.34,4.6,10.7,.432,.456,1.2,1.8,0.639,1.7,8.9,10.5,3.6,1.0,1.0,1.6,2.4,15.2
445,Dean Wade,PF,25,CLE,20,12,20.5,1.9,4.3,0.442,1.0,2.9,0.345,0.9,1.4,.643,.558,0.3,0.4,0.75,0.7,2.7,3.3,1.1,0.6,0.1,0.3,1.8,5.1
446,Franz Wagner,SF,20,ORL,29,29,32.1,5.4,12.1,0.449,1.4,3.7,0.38,4.0,8.4,.480,.507,1.8,2.3,0.791,1.3,3.2,4.5,2.8,1.1,0.4,1.3,2.5,14.1
447,Moritz Wagner,C,24,ORL,26,0,11.7,2.0,4.5,0.449,1.0,2.8,0.37,1.0,1.7,.578,.564,1.2,1.5,0.769,0.5,2.0,2.5,0.8,0.2,0.2,0.8,1.8,6.3
448,Ish Wainright,PF,27,PHO,8,0,6.0,0.5,2.3,0.222,0.3,1.3,0.2,0.3,1.0,.250,.278,0.0,0.3,0.0,0.6,0.8,1.4,0.4,0.3,0.0,0.4,1.6,1.3
449,Kemba Walker,PG,31,NYK,18,18,24.5,4.2,9.8,0.429,2.1,5.1,0.413,2.1,4.7,.447,.537,1.1,1.4,0.8,0.1,2.4,2.6,3.1,1.1,0.3,1.3,1.1,11.7
450,Lonnie Walker,SG,23,SAS,26,3,22.3,3.8,9.9,0.385,1.5,5.1,0.295,2.3,4.8,.480,.461,1.5,1.7,0.864,0.2,2.7,2.9,2.3,0.6,0.3,1.3,1.3,10.6
451,Brad Wanamaker,PG,32,IND,18,0,12.3,1.3,3.4,0.377,0.2,0.9,0.25,1.1,2.5,.422,.410,0.9,1.0,0.889,0.3,1.4,1.7,2.2,0.1,0.3,0.9,2.0,3.7
452,Duane Washington Jr,PG,21,IND,3,0,2.3,0.7,1.3,0.5,0.3,1.0,0.333,0.3,0.3,1.000,.625,0.0,0.0,0.766,0.0,0.3,0.3,0.0,0.0,0.0,0.0,0.0,1.7
453,PJ Washington,PF,23,CHO,17,3,25.5,3.9,8.4,0.465,1.9,4.4,0.432,2.0,4.0,.500,.577,1.0,1.4,0.708,1.4,3.9,5.4,2.2,0.6,1.2,1.2,2.3,10.6
454,Yuta Watanabe,SF,27,TOR,9,0,19.2,2.0,5.6,0.36,1.3,3.9,0.343,0.7,1.7,.400,.480,0.8,1.3,0.583,0.8,3.2,4.0,1.2,0.4,0.7,0.2,1.3,6.1
455,Trendon Watford,SF,21,POR,7,0,4.9,0.9,1.7,0.5,0.0,0.0,0.0,0.9,1.7,.500,.500,0.3,0.4,0.667,0.3,0.6,0.9,0.6,0.3,0.3,0.3,0.3,2.0
456,Paul Watson,SF,27,OKC,5,0,15.6,0.4,3.0,0.133,0.4,2.6,0.154,0.0,0.4,.000,.200,0.2,0.4,0.5,0.4,2.0,2.4,0.6,0.2,0.6,0.6,1.0,1.4
457,Russell Westbrook,PG,33,LAL,29,29,36.2,7.4,16.4,0.451,1.3,4.0,0.322,6.1,12.4,.492,.489,3.6,5.3,0.68,1.3,6.5,7.8,8.4,1.2,0.2,4.6,3.0,19.6
458,Coby White,PG,21,CHI,9,1,17.6,2.4,7.0,0.349,0.8,3.4,0.226,1.7,3.6,.469,.405,0.4,0.8,0.571,0.1,2.4,2.6,1.3,0.1,0.1,0.9,1.7,6.1
459,Derrick White,SG,27,SAS,27,27,31.2,5.0,12.0,0.415,1.6,5.4,0.288,3.4,6.6,.520,.480,2.5,2.9,0.861,0.5,3.4,3.9,5.2,1.2,0.9,1.5,2.1,14.1
460,Hassan Whiteside,C,32,UTA,25,0,15.6,3.0,5.0,0.608,0.0,0.0,0.0,3.0,5.0,.608,.608,1.6,2.2,0.722,2.2,4.6,6.8,0.3,0.2,1.4,1.0,2.9,7.6
461,Joe Wieskamp,SG,22,SAS,3,0,2.7,0.3,0.3,1.0,0.3,0.3,1.0,0.0,0.0,,1.500,0.0,0.0,0.766,0.0,0.0,0.0,0.0,0.0,0.0,0.0,0.3,1.0
462,Aaron Wiggins,SG,23,OKC,10,2,15.2,1.0,2.2,0.455,0.6,1.8,0.333,0.4,0.4,1.000,.591,0.4,0.7,0.571,0.2,1.4,1.6,1.0,0.4,0.1,0.8,1.8,3.0
463,Andrew Wiggins,SF,26,GSW,28,28,30.9,6.8,14.0,0.488,2.1,5.3,0.408,4.7,8.7,.537,.565,2.6,3.7,0.709,1.2,3.3,4.5,1.8,0.8,0.6,1.6,1.7,18.4
464,Grant Williams,PF,23,BOS,28,9,22.1,2.5,4.9,0.511,1.5,3.4,0.453,1.0,1.5,.643,.668,0.9,1.1,0.867,0.6,2.8,3.4,1.0,0.4,0.6,0.6,2.0,7.5
465,Kenrich Williams,SF,27,OKC,24,0,20.8,2.7,5.9,0.461,0.9,2.2,0.423,1.8,3.7,.483,.539,0.7,1.3,0.531,1.1,2.5,3.6,2.0,1.0,0.2,0.8,1.7,7.0
466,Lou Williams,PG,35,ATL,23,0,13.7,2.5,6.4,0.395,0.7,1.9,0.341,1.9,4.5,.417,.446,1.1,1.3,0.867,0.3,1.3,1.6,1.2,0.7,0.1,1.0,0.9,6.8
467,Patrick Williams,PF,20,CHI,5,5,25.0,2.6,4.6,0.565,0.6,1.2,0.5,2.0,3.4,.588,.630,0.8,0.8,1.0,0.2,2.0,2.2,0.6,0.6,0.4,0.4,1.8,6.6
468,Robert Williams,C,24,BOS,21,21,27.2,4.0,5.4,0.746,0.0,0.0,0.0,4.0,5.4,.746,.746,1.0,1.6,0.667,3.4,4.7,8.1,1.1,0.8,1.7,1.1,1.7,9.1
469,Ziaire Williams,SF,20,MEM,19,0,17.8,1.8,5.2,0.354,0.8,3.4,0.246,1.0,1.8,.559,.434,0.2,0.3,0.667,0.3,1.2,1.5,0.6,0.4,0.3,0.6,1.7,4.7
470,Dylan Windler,SF,25,CLE,19,0,10.3,1.0,2.3,0.442,0.6,1.5,0.379,0.4,0.7,.571,.570,0.2,0.2,0.75,0.4,1.3,1.7,0.9,0.3,0.1,0.4,1.2,2.7
471,Justise Winslow,SF,25,LAC,20,0,8.8,1.1,2.6,0.404,0.2,0.7,0.231,0.9,2.0,.462,.433,0.2,0.3,0.5,0.5,1.7,2.1,1.0,0.5,0.4,0.9,0.8,2.4
472,Cassius Winston,PG,23,WAS,2,0,3.5,0.0,1.0,0.0,0.0,1.0,0.0,0.0,0.0,,.000,1.0,1.0,1.0,0.0,0.0,0.0,1.0,0.0,0.0,0.5,0.0,1.0
473,Christian Wood,C,26,HOU,27,27,31.8,6.2,13.6,0.458,1.6,4.7,0.344,4.6,8.9,.519,.518,2.4,4.2,0.579,1.9,9.2,11.1,2.3,0.6,1.0,1.9,2.6,16.5
474,Robert Woodard,SF,22,SAC,1,0,3.0,0.0,0.0,0.441,0.0,0.0,0.0,0.0,0.0,,,0.0,0.0,0.766,0.0,0.0,0.0,0.0,0.0,0.0,0.0,0.0,0.0
475,Delon Wright,SG,29,ATL,26,0,14.3,1.0,2.6,0.368,0.3,0.9,0.348,0.7,1.7,.378,.426,0.6,0.7,0.789,0.7,2.0,2.7,2.2,0.7,0.2,0.5,0.5,2.8
476,McKinley Wright IV,PG,23,MIN,1,0,4.0,1.0,1.0,1.0,1.0,1.0,1.0,0.0,0.0,,1.500,0.0,0.0,0.766,0.0,0.0,0.0,0.0,0.0,0.0,1.0,0.0,3.0
477,Thaddeus Young,PF,33,SAS,22,0,14.1,2.9,5.1,0.566,0.0,0.1,0.0,2.9,5.0,.582,.566,0.4,0.8,0.444,1.5,1.9,3.4,2.5,0.9,0.3,1.0,1.4,6.2
478,Trae Young,PG,23,ATL,28,28,34.2,9.4,20.4,0.461,2.8,7.2,0.383,6.6,13.2,.503,.528,5.5,6.2,0.89,0.9,3.2,4.1,9.3,1.0,0.1,4.1,1.7,27.0
479,Omer Yurtseven,C,23,MIA,20,0,7.2,1.3,2.4,0.521,0.0,0.2,0.0,1.3,2.2,.568,.521,0.6,0.9,0.667,0.6,1.5,2.1,0.5,0.1,0.5,0.4,0.7,3.1
480,Cody Zeller,C,29,POR,24,0,13.3,1.8,3.2,0.566,0.0,0.2,0.0,1.8,3.0,.597,.566,1.5,2.0,0.766,1.8,2.8,4.6,0.8,0.3,0.3,0.7,2.1,5.1
481,Ivica Zubac,C,24,LAC,29,29,24.8,3.6,5.4,0.665,0.0,0.0,0.0,3.6,5.4,.665,.665,2.5,3.3,0.76,2.6,5.4,7.9,1.1,0.6,1.1,1.3,2.3,9.8
